================================================================================
TAWOS DATASET ANALYSIS
================================================================================

Dataset shape:
Rows   : 27235
Columns: 22

Projects : 10
Issues   : 7512
Snapshots: 27235

================================================================================
1. RISK DISTRIBUTION
================================================================================
task_risk_level
Medium      8986
Low         7882
High        5732
Critical    4635
Name: count, dtype: int64

Percentages:
task_risk_level
Medium      32.99
Low         28.94
High        21.05
Critical    17.02
Name: proportion, dtype: float64

================================================================================
2. NUMERIC FEATURES BY RISK
================================================================================
                story_points        story_points_missing           timespent        task_age_days            status_change_count        priority_change_count        assignee_change_count        story_point_change_count        estimate_change_count        changes_last_7_days       
                        mean median                 mean median         mean median          mean     median                mean median                  mean median                  mean median                     mean median                  mean median                mean median
task_risk_level                                                                                                                                                                                                                                                                          
Low                 0.480861    0.0             0.806394    1.0   299.846613    0.0      0.986993   0.117488            1.142603    1.0              0.075869    0.0              0.300685    0.0                 0.054682    0.0              0.006851    0.0            1.816163    1.0
Medium              0.845126    0.0             0.764300    1.0  1293.022479    0.0      7.051947   5.227975            1.574783    1.0              0.115624    0.0              0.482528    0.0                 0.112286    0.0              0.030492    0.0            1.900846    1.0
High                1.102722    0.0             0.760119    1.0  2852.881193    0.0     24.932083  20.909878            1.868458    1.0              0.135380    0.0              0.548500    0.0                 0.147592    0.0              0.039253    0.0            1.419749    1.0
Critical            1.697443    0.0             0.801079    1.0   932.180151    0.0    146.825321  96.939803            1.521251    1.0              0.211650    0.0              0.506149    0.0                 0.108954    0.0              0.016397    0.0            0.891478    0.0

================================================================================
3. NUMERIC FEATURE MEDIANS
================================================================================
task_risk_level                Low    Medium       High   Critical
story_points              0.000000  0.000000   0.000000   0.000000
story_points_missing      1.000000  1.000000   1.000000   1.000000
timespent                 0.000000  0.000000   0.000000   0.000000
task_age_days             0.117488  5.227975  20.909878  96.939803
status_change_count       1.000000  1.000000   1.000000   1.000000
priority_change_count     0.000000  0.000000   0.000000   0.000000
assignee_change_count     0.000000  0.000000   0.000000   0.000000
story_point_change_count  0.000000  0.000000   0.000000   0.000000
estimate_change_count     0.000000  0.000000   0.000000   0.000000
changes_last_7_days       1.000000  1.000000   1.000000   0.000000

================================================================================
4. ISSUE_TYPE VS RISK
================================================================================

Counts:
task_risk_level   Low  Medium  High  Critical
issue_type                                   
Bug              4108    4282  2848      2277
Build Failure       0       2     0         0
Documentation     122      92    73        30
Epic                0       3    18        92
Feedback            0       0     0         5
Improvement       471     987   802      1013
Investigation       0       2     0         0
New Feature        51     206   295       395
PAIN                0       0     0         3
Problem Ticket      0       0     0         4
Question           19      13     4         0
Story            1550    1577   652       294
Sub-task          289     167   190        55
Suggestion         71     108   106       288
Task             1166    1396   708       177
Technical task      9      26    15         0
Test                0       0     1         0
Test Task          26     125    20         2

Risk percentages within each value:
task_risk_level    Low  Medium    High  Critical
issue_type                                      
Bug              30.40   31.68   21.07     16.85
Build Failure     0.00  100.00    0.00      0.00
Documentation    38.49   29.02   23.03      9.46
Epic              0.00    2.65   15.93     81.42
Feedback          0.00    0.00    0.00    100.00
Improvement      14.39   30.16   24.50     30.95
Investigation     0.00  100.00    0.00      0.00
New Feature       5.39   21.75   31.15     41.71
PAIN              0.00    0.00    0.00    100.00
Problem Ticket    0.00    0.00    0.00    100.00
Question         52.78   36.11   11.11      0.00
Story            38.06   38.72   16.01      7.22
Sub-task         41.23   23.82   27.10      7.85
Suggestion       12.39   18.85   18.50     50.26
Task             33.83   40.50   20.54      5.13
Technical task   18.00   52.00   30.00      0.00
Test              0.00    0.00  100.00      0.00
Test Task        15.03   72.25   11.56      1.16

================================================================================
4. PRIORITY VS RISK
================================================================================

Counts:
task_risk_level   Low  Medium  High  Critical
priority                                     
6                 104     116    97        97
Blocker            65      44    17         4
Blocker - P1        5       6     0         0
Critical          225     330   269       261
Critical - P2      11      14     4         0
High              468     585   468       487
Highest            80      54    54        34
Low               820    1058  1031      1186
Lowest             30       4     3         0
Major              32     110    41        11
Major - P3       1701    1695   716        10
Medium           1821    1654  1177       741
Minor             466    1358   833       257
Minor - P4         54      36    34         0
Trivial            10       6     0         0
Trivial - P5        4       0     0         0
Undefined           0       1     0         0
Unknown          1986    1915   988      1547

Risk percentages within each value:
task_risk_level     Low  Medium   High  Critical
priority                                        
6                 25.12   28.02  23.43     23.43
Blocker           50.00   33.85  13.08      3.08
Blocker - P1      45.45   54.55   0.00      0.00
Critical          20.74   30.41  24.79     24.06
Critical - P2     37.93   48.28  13.79      0.00
High              23.31   29.13  23.31     24.25
Highest           36.04   24.32  24.32     15.32
Low               20.02   25.84  25.18     28.96
Lowest            81.08   10.81   8.11      0.00
Major             16.49   56.70  21.13      5.67
Major - P3        41.27   41.12  17.37      0.24
Medium            33.77   30.67  21.82     13.74
Minor             15.99   46.60  28.59      8.82
Minor - P4        43.55   29.03  27.42      0.00
Trivial           62.50   37.50   0.00      0.00
Trivial - P5     100.00    0.00   0.00      0.00
Undefined          0.00  100.00   0.00      0.00
Unknown           30.86   29.75  15.35     24.04

================================================================================
4. STATUS VS RISK
================================================================================

Counts:
task_risk_level   Low  Medium  High  Critical
status                                       
Closed           1409    1361   887       895
In Progress      1943    2594  1693      1210
In Review         693     902   561       296
To Do            3837    4129  2591      2234

Risk percentages within each value:
task_risk_level    Low  Medium   High  Critical
status                                         
Closed           30.95   29.90  19.49     19.66
In Progress      26.12   34.87  22.76     16.26
In Review        28.26   36.79  22.88     12.07
To Do            30.00   32.28  20.26     17.47

================================================================================
4. ASSIGNEE VS RISK
================================================================================

Counts:
task_risk_level   Low  Medium  High  Critical
assignee                                     
113043.0            3       1     0         2
113069.0            2       4     2         3
113071              0       0     0         2
113083              0       0     0         3
113083.0            0       4     7        13
113087.0           17      11    12         6
113106              0       0     0         3
113106.0           11       5    28         4
113109.0            0       0     3         1
113112.0            2      11     1         7
113115              0       2     0         2
113115.0            9      18    34         8
113121.0            0       4     0         4
113125              0       0     0         2
113130.0            0       4     0         2
113144.0            0       0     1         0
113153.0            1       0     7        13
113183              0       0     0         1
113186              0       0     0         2
113186.0            0       0     0         3
113192.0            0       0     1         0
113199.0            0       0     0         4
113209.0            0       0     0         1
113230.0            0       0     0         1
113232              0       0     2         0
113232.0            0       5     5         5
113244              0       3     0         0
113244.0            0       3     0         0
113280.0            0       4     6         3
113294.0            0       0     2         0
113350              0       1     0         0
113350.0            0       5     0         3
113370.0            0       0     0        16
113409.0            0       0     0         4
113415.0            2       2     0         0
113425.0            0       3     0         0
113427.0            0       4     0         0
113513.0            0       0     0         1
113521              0       1     0         1
113521.0            0       4     7        11
113548              2       2     0         1
113548.0            1       0     0         0
113688.0            3       6     2         0
113697.0            0       4     0         3
113721              0       0     0         2
113721.0            0       3     7         4
113768              0       0     0         2
113768.0            0       0     3         3
113815              0       0     0         1
113873.0            0       4     0         0
113914.0            0       1     0         0
114003              0       0     0         1
114029.0            0       0     0         1
114111.0            0       0     3         0
114181              0       0     0         2
114181.0            3       0     0         2
114183              0       0     0         2
114184              0       0     0         1
114184.0            0       0     3         0
114186              0       0     1         0
114186.0            0       6     0         0
114195              0       0     0         3
114196.0            3       0     0         0
114347.0            2       0     0         0
114369.0            0       0     2         0
114434.0            0       2     0         0
114542              0       0     0         1
116529              0       1     0         0
144432.0           84       6     5        12
144433              1       0     0         0
144433.0           64      16     1         6
144434              6       4     1         3
144434.0           76      35    38         8
144436.0           32      22    18         4
144437              0       7     5         0
144437.0          109      69    49        16
144438.0            0       3     0         0
144439.0           45      21     9        19
144440              2       7     3         0
144440.0           54      39    10         7
144441              2       8     0         0
144441.0           78      46    26         9
144443              0       0     0         3
144443.0           17      37    13         6
144446.0            0       0     2         0
144447.0           51      40    19         0
144448              1       0     0         0
144448.0           26      15     7         3
144449.0            3       3     0         0
144451.0            3       0     0         0
144453.0            0       0     6         0
144454              1       0     0         0
144458.0            6       0     0         0
144459.0           12      18     6         3
144460.0           32      46    21         9
144463.0           16      11     3         0
144465.0            4       0     0         0
144466              0       4     0         1
144466.0           41      64    11        11
144471              0       0     0         2
144471.0           33       7    11         4
144472              0       0     5         1
144472.0           51      40    11         7
144474.0           32       3     9         0
144477              0       3     0         0
144477.0            9       9     4         3
144478              3       0     0         1
144478.0           15      13     0         2
144479.0            3       0     0         0
144481              0       1     0         0
144481.0            0       4     0         0
144482              0       3     0         3
144482.0           32      53    22         4
144483              0       0     3         0
144483.0          100      46    64         6
144489.0           28      12    42        18
144497.0            3       0     6         3
144508.0            0       0     3         3
144510              1       0     0         0
144512.0            6       0     0         0
144515.0            0       3     0         0
144520.0            3       0     0         0
144523              5       0     3         0
144523.0           17       7    14         3
144526.0            2       3     0         0
144529.0            2       3     0         1
144535.0            0       6     0         0
144539.0           21       0     3         0
144543              0       1     0         0
144543.0           19      24     2         0
144545.0            3       0     0         0
144551              1       0     0         0
144551.0           11       3     3         0
144554.0            3       0    12         3
144558.0            3       0     0         0
144563              0       0     1         0
144569.0            3       3     0         0
144571.0            3       0     0         0
144573.0            0       0     0         2
144579.0            0       3     0         0
144584.0           32      16     3         0
144588              0       0     0         3
144588.0           10       0     3         3
144589.0            0       0     0         3
144591              0       0     5         4
144591.0          112     186    28        10
144592.0            0       0     3         0
144593.0            3       2     6         0
144595              0       2     3         2
144595.0           10       3     7         1
144596              2       0     0         0
144596.0           12       1     3         0
144597.0            0       0     3         0
144600              6       0     7         5
144600.0           42      30    14         2
144602.0            2       0     0         0
144607.0            3       0     0         0
144608.0            3       0     0         0
144610.0            1       3     0         0
144611              0       0     0         1
144611.0            0       0     3         0
144614              1       0     0         0
144615.0            3       0     1         0
144616.0            9       0     0         0
144618.0           30       3     0         0
144619.0            0       3     0         0
144620              0       2     0         0
144624.0            3       0     0         0
144631.0            3       0     0         0
144632.0            8       7     0         3
144633.0            0       2     1         0
144640.0            0       0     0         1
144644.0            3       0     0         0
144645.0            8       0     0         0
144651.0            0       4     0         0
144657.0            6       3     0         0
144659.0            3       0     1         0
144660.0            0       3     0         0
144662.0            3       0     0         0
144667.0            4       8     0         0
144671.0            3       0     0         0
144683.0            1       0     0         0
144687              0       0     1         0
144689.0            3       0     0         0
144690.0            0       3     0         0
144692.0            4       0     3         0
144697.0            0       0     3         0
145714.0           86      22     0         0
145715.0           22       4     0         0
145716.0           19       3     5         0
145717              1       0     0         0
145717.0           47      46     4         4
145718.0           20      71    15         0
145719.0            9       9     2         0
145720.0          156      30    19         0
145721.0           31      12    13         0
145722              0       1     0         0
145722.0           32      71    24         0
145723              2       0     0         0
145723.0           25      38    11        13
145724.0            2       0     4         0
145726              0       1     0         0
145726.0           35      19     6         0
145727.0           15       9     3         3
145729.0           42      34     7         0
145730.0           34      12    10         5
145731.0           10       1     0         0
145732              0       1     0         0
145732.0            3      14     0         5
145733              4       0     2         0
145733.0            0       3     0         0
145734              2       0     0         0
145734.0           67      76    19         0
145735.0           39       9     6         0
145736.0           20      21     9         0
145737              0       0     0         1
145737.0           14      13     4         3
145738.0            3       2     5         0
145739.0            3      12     3         0
145740              0       2     0         0
145740.0           10      64    13         0
145742              0       4     0         0
145742.0            7       8     4         3
145743              0       2     0         0
145743.0            3       0     1         0
145744.0           40      72    23         0
145745.0           27       8    12         0
145746.0           16       8     2         0
145747.0           16       4     0         3
145748              0       1     0         0
145748.0          192      84    29         6
145749              0       0     1         0
145749.0            0       0     0        24
145750              0       1     0         0
145750.0           19      15    19         0
145751.0            7      15     1         0
145752.0           31      82    25         0
145753.0           14       0     0         0
145754              0       2     0         0
145754.0           19      50     5         0
145755.0            0       2     0         0
145756.0           40       9     5         0
145757.0           24       8     6         0
145758.0            4       4     4         0
145759.0           32      18     5         0
145760              1       0     0         0
145760.0            3      52     0         0
145762              0       1     5         0
145762.0            3       8     5         0
145764.0            0       9     0         0
145765              1       0     0         0
145765.0            9       6     5         0
145766.0            3       0     0         0
145768              0       0     1         0
145768.0            0       0     0         2
145769.0           71      23     2         4
145770.0           14       3     0         0
145771.0           12      24     4         0
145772.0            7      11     0         5
145773              0       2     3         0
145773.0           14       1     7         0
145774.0            2       4     0         0
145775              0       2     1         0
145775.0            7      13     9         0
145778.0           23      13     5         0
145779.0            0       0     4         4
145780.0            4      27     0         0
145781.0            0       3     0         0
145783.0            0       0     0         5
145784.0            3       1     0         0
145785.0            7       0     3         0
145786              0       0     1         0
145786.0            7       9     0         0
145787.0           10       0     0         0
145788.0           12      14     3         0
145789.0           31      50    24         3
145790              0       1     0         0
145790.0            6      12    10         0
145791.0            2       0     0         0
145792.0            5      12     5         0
145793              3       0     3         0
145793.0            8       4     5         1
145794.0            0       9    13         0
145797.0            1       4     0         0
145798              0       0     0         1
145799.0            0       3     0         0
145801.0            0       0     4         0
145802.0            0       0     0         2
145803.0            0       1     0         0
145804.0            0       2    11         1
145806.0            0       0     1         5
145807.0            0       0     1        12
145808              1       0     0         0
145808.0            0       1     1         5
145809.0            0       1     4         0
145810.0            1       3     3         0
145813.0            9      11    11         0
145817              3       1     0         0
145817.0            3       4     2         0
145820.0           13       0     5         0
145822.0            1       0     0         0
145824.0            3       0     0         0
145825              0       0     0        10
145829.0            4       1     1         0
145831.0            2       0     0         0
145832              2       0     0         0
145832.0            3       0     0         0
145833.0            4       0     0         0
145834              0       1     0         0
145834.0            2       2     0         0
145836.0            0       4     0         0
145838              1       0     0         0
145851              0       1     3         0
14659               1       4     0         0
14659.0             2       1     0         1
14665.0             0       0     0         3
14676.0             0       0     3         0
151304.0            0       5     0         0
151306              0       0     2         0
151306.0           13      22    18         1
151308.0           13      39    12         8
151311              0       1     0         0
151311.0            8      56     8         4
151312.0            4       0     4         0
151313              1       0     0         0
151313.0           41      50    11         5
151316              2       0     0         0
151316.0           20      13    28         5
151319.0           26      39    12         7
151322              1       0     0         0
151322.0           33      35    40        12
151323              0       0     0         1
151323.0            8      40    24         4
151325.0            0       0     4         4
151331.0            0      15     0         0
151332.0            0       4     0         0
151335              3       1     3         0
151335.0           64     116    24         8
151339.0            0      24    16         4
151340              0       3     3         0
151340.0           12      77    32        12
151344              0       2     0         0
151344.0           19      66    34         0
151350.0            4       5     0         0
151351              0       1     0         0
151351.0            2      14    12         4
151352              0       0     1         0
151352.0            8       7     4         0
151354              0       0     3         0
151354.0           15      24    20         0
151361              0       2     0         0
151361.0           12      38    32         8
151363.0            0      16    16        16
151368              0       0     0         1
151368.0           16      44    54        10
151372              0       1     0         0
151372.0           14      24    19         0
151382.0           24      60     2        12
151383.0            0       4     0         0
151388              0       1     2         0
151393              0       1     0         0
151393.0            0       0     4         4
151395              0       3     0         0
151395.0            8      20    20         0
151396.0            8      17     9         0
151398.0            0       6     0         0
151401.0            0       4     4         0
151402.0            0       0     4         0
151407              0       0     5         0
151407.0            4      24    34         4
151409.0            0       6     0         0
151417.0            4       8     0         0
151426.0            0      24     8         0
151427.0            2      20     0         0
151429.0            0       4     0         0
151432.0            0       0     4         4
151434              0       1     0         0
151434.0           16      25    36        11
151437.0            0      12     0         0
151438.0            0       4     0         0
151442              0       1     0         0
151442.0            0       0     5         0
151443.0            0       4     4         0
151447              0       1     0         0
151447.0           22      46    18         0
151449.0            0       4     0         0
151453.0            0       0     4         0
151454.0            0       0     4         4
151462.0            4       0    12         4
151470.0            0       0     4         0
151472.0            6       4     8         0
151476.0            0       5    12         8
151494.0            0       4     0         0
151497              0       0     0         3
151509.0            0       0     0         5
151520.0            0       5     0         0
151533.0            0       3     4         0
151579.0            0       0     4         0
151581.0            0       3     0         0
151585              0       6     0         0
151585.0            1       7     0         4
151600.0            0       6     0         0
151603.0            0       4     0         2
151607.0            0       0     3         0
151616              0       1     0         0
151637.0            0       1     0         0
151650.0            0       0     0         4
151669.0            1       5     0         0
151674.0            0       5     0         0
151678.0            0       3     0         0
151691.0            0       0     5         0
151727.0            0       0     0         4
151739.0            0       0     4         0
151755.0            0       4     4         4
151757.0            0       0     4         0
151777.0            0       0     4         0
151791.0            4       0     4         0
151808.0            0       4     0         0
151828.0            0       0     4         0
151850.0            0       0     4         0
151855.0            0       0     0         4
151858              0       0     0         1
151858.0            0       5     0         0
151864.0            0       1     0         0
151906              0       0     3         0
151906.0            0       8     0         0
151908.0            0       0     5         0
151912.0            0       0     0         5
151918.0            0       4     0         0
151927.0            0       4     0         0
151939.0            0      10     0         0
151959.0            0       0     4         0
151979.0            0       0     0         1
152003.0            0       0     5         0
152005.0            0       0     4         0
152034.0            0       0     4         0
166007              2       2     3        16
166007.0           95      66    58        26
166009              8       6     7        10
166009.0           43      72    79       125
166010.0           76      46    57        60
166011              8       1     4         5
166011.0           43      82    85       102
166012              0       0     1         1
166012.0            0       2     0         0
166013              0       1     0         0
166013.0            0       1     0         0
166014              4      13     5        22
166014.0           59     170   172       108
166017.0            0       0     4         6
166018              7      15     9        20
166018.0          127     222   172       169
166019              4      15    23        27
166019.0           96     215   210       200
166020              2       0     0         0
166020.0            0       0     0         1
166024              3      20    10        14
166024.0            0       0     1         0
166026              0       0     2         4
166026.0            0       9     3         2
166032.0            4       0     0         0
166044             21      28    17        44
166049.0            0       0     0         8
166050              2       3     1         1
166050.0           27      20    16         6
166053              0       0     0         3
166055              1       1     1         0
166055.0            0       0     0         1
166067              0       0     1         1
166069.0            0       0     0         4
166073              1       1     4         7
166073.0            0       0     1         4
166074              1       2     3        22
166074.0           25      32    86        60
166082             43      59    69        89
166082.0            0       1     0         1
166083.0           57     101    95       120
166090              5       5    11         3
166090.0            2       0     0         0
166096              2       1     3         2
166101              2       0     0         0
166101.0            1       0     3         0
166131              5       1     0         0
166198              0       0     0         4
166201              0       0     3         0
166201.0            0       3     0         0
166205              0       1     0         0
166223              1       1     0         0
166310              0       0     0         3
169180              1       0     0         2
169180.0            0       2     0         2
169196.0            0       0     0         2
169203.0            0       0     4         0
169205              1       5     7         4
169205.0           10      17     9         7
169214              1       0     0         0
169240.0            0       0     3         0
169253.0            0       0     0         1
169254              0       1     4        18
169254.0            0       0    10         5
169258.0            2       0     0         0
169260.0            0       0     3         0
169264.0            0       0     1         0
169273              0       2     0         0
169282.0            0       3     5         1
169293              0       0     1         0
169298              1       0     0         0
169298.0            2       0     0         0
169347              0       1     0         0
169358              0       4     0         0
169358.0            7       9     1         1
169359              0       0     1         0
169368.0            0       1     0         0
169380.0            0       2     0         0
169390              0       0     0         1
169399.0            0       4     0         0
169407              0       0     1         0
169408              5       1     0         2
169408.0            2       0     0         2
169423.0            0       1     0         0
169424.0            2       0     0         0
169428.0            0       0     3         0
169434.0            1       1     1         0
169450.0            0       0     0         1
169453.0            0       0     2         0
169455              0       1     0         0
169460.0            0       2     0         0
169477.0            5       0     0         0
169482.0            0       0     0         2
169552              0       0     1         0
169560.0            0       2     1         0
169574              0       0     2         0
169575.0            0       3     0         0
169577.0            3       0     0         1
169604              0       0     2         2
169613.0            1       0     0         0
169641.0            2       1     0         0
169665              0       0     1         0
169682.0            3       1     0         0
169688.0            0       0     0         3
169690.0            0       3     0         0
169702.0            0       0     0         3
169724.0            0       0     0         2
169829.0            0       1     0         0
169854.0            2       0     0         0
169863.0            0       1     1         0
169877              1       0     0         0
169878.0            2       0     0         0
169891              0       1     0         0
169892              0       1     0         0
169899.0            1       0     0         0
169903              0       0     1         0
169914              0       0     0         1
169914.0            0       0     2         1
169924.0            0       0     3         0
169935.0            0       0     3         0
169938.0            0       1     0         0
170026.0            0       0     1         0
170048              0       0     0         1
170104.0            0       1     0         0
170174              0       0     1         0
170180              0       0     0         3
170180.0            0       0     1         0
170210.0            2       0     0         0
170259.0            0       1     0         0
170277.0            0       1     0         0
170287.0            0       1     1         0
170299.0            0       3     0         0
170301.0            0       0     2         0
170354              1       0     0         0
170395.0            1       0     0         0
170515.0            0       2     0         0
170574              0       0     0         3
170589.0            1       0     0         0
170824              0       1     0         0
200289             69     132    34         0
200289.0            9       2     0         0
200290.0           37      30     3         0
200292              0       2     0         0
200292.0            7       9     5         0
200293              1       2     0         0
200293.0           89      29     5         0
200294             17      11     0         0
200295.0           15       1     1         0
200296.0           63      19    15         0
200297             28      30    21         0
200297.0            2       0     0         0
200299             85     121    66         0
200299.0           10       3     5         0
200300.0            7       5     2         0
200301              0       0     2         0
200301.0            5       9    11         0
200302              0       6     0         0
200302.0           23      10     0         0
200304              0       2     0         0
200304.0            6       8     0         0
200305.0           76      32     0         0
200306             20      15     8         2
200306.0            3       4     2         0
200307.0           17      30     7         0
200308              0       4     0         0
200308.0           42      23     8         0
200309             15      90    34         0
200309.0           18       9     3         0
200310.0            9       5     6         0
200315             14      33    25         0
200315.0            9       0     0         0
200316              0       2     0         0
200316.0           33       7     0         0
200317.0           14      17     4         0
200318.0           16       8     0         0
200319.0           12       0     0         0
200321             18     101    59         0
200321.0           12       4     5         0
200322.0            1       0     0         0
200324.0           16       5     5         0
200326              2       0     0         0
200326.0           41       8     6         0
200328.0            4       8     9         0
200329              1       1     0         0
200329.0            0       3     8         0
200330.0            2       9    10         0
200331.0            6      11     5         0
200333.0           22       8     6         1
200334              0       4     0         0
200334.0            8       5     4         0
200335.0           21       5     0         0
200336              0       4     0         0
200336.0           38       6     1         0
200337.0           13      51    13         0
200338              1       1     4         0
200338.0            8      11     2         0
200339.0            8       0     0         0
200340.0            0      16     7         0
200341              0       0     2         0
200341.0           19       7     8         0
200342              3       0     0         0
200342.0           11      10     0         0
200343.0            0       6     4         0
200344.0           25      16     2         0
200346              3       8     2         0
200346.0            0       5     5         0
200348              2       5     0         0
200350.0           11       0     0         0
200352              1       5     1         0
200352.0            4       9     2         0
200353.0            8       7     0         0
200354.0           13       3     2         0
200357.0            6       5     0         0
200360.0            6       0     0         0
200363.0            3       1     2         0
200364.0            2       3     0         0
200365              0       0     3         0
200365.0           10       8     0         0
200366              0       4     8         0
200366.0           17      23    23         0
200368              0       2     0         0
200368.0           12       2     0         0
200369.0            5       9     1         0
200370.0           18       6    13         0
200371              4       9     0         0
200371.0           12      24    12         0
200372.0           21       8     0         0
200373              3       3     2         0
200373.0           14      12     3         0
200378              0       3     0         0
200378.0           12       4     0         0
200379              4       6     0         0
200380.0            4      10     3         0
200381.0            0       3     5         0
200382.0           27       4    13         0
200383              3       2     0         0
200383.0           23       7    10         0
200384              0       2     1         0
200384.0           24      21    20         0
200385.0           13      23     5         0
200387.0            8       4     3         0
200388.0            0       3     1         0
200389.0            4       7     1         0
200390.0            0       4     2         0
200391              0       1     0         0
200391.0            2       3     0         0
200393.0            1       0     3         0
200394              0       5     0         0
200394.0           18      14    13         0
200397             13      14     7         0
200397.0            3       0     0         0
200398              1       2     0         0
200398.0           33      38     1         0
200402              0       2     0         0
200402.0            4       3     0         0
200405.0            5       0     6         0
200408.0            2       0     0         0
200410.0            1       0     0         0
200412              0       0     1         0
200412.0           13      12    11         0
200413.0            8       8     0         0
200414              3      21     5         0
200414.0            1       0     0         0
200416.0            5       4    10         0
200417.0            0       9     0         0
200420              2       0     2         0
200420.0           12      14     7         0
200421              3       5     0         0
200421.0           14      19     3         0
200423.0           11       8     1         0
200424.0           12       3     0         0
200430.0            5      14     5         0
200433.0            4       4     0         0
200435.0            0       3     4         0
200437.0            8       2     0         0
200441.0            0       8     3         0
200442.0            0       2     4         0
200447.0            0       6     2         0
200448              0       3     0         0
200448.0           26      15     3         0
200451.0            5       8     0         0
200454              3       0     0         0
200454.0            8       5     0         0
200457              0       0     6         0
200457.0           18      49    11         0
200458              2       0     0         0
200458.0            3       4     8         0
200461.0            4       2     0         3
200463              0       3     0         0
200463.0           49      24     5         0
200464.0            8      11     3         0
200484              0       1     0         0
200484.0            0      10     7         0
200486.0            2       0     0         0
200487.0            3       0     0         0
200488              0       0     2         0
200488.0            0       3     0         0
200489.0            5       0     0         0
200499              0       0     1         0
200499.0            0       7     2         0
200506              0       2     0         1
200510.0            0       0     1         0
200511.0            0       0     5         0
200518.0            0       0     2         0
200522              0       2     1         0
200522.0           23       2     0         0
200525.0            0       0     2         0
200526.0            7       0     2         0
200532              6       4     0         0
200534              0       0     1         0
200538              0       0     2         0
200553.0            0       0     4         0
200554.0            4       5     0         0
200555              0       0     0         1
200564              0       0     0         2
200580.0            2       4     0         0
200582.0            0       2     0         0
200585.0            2       0     0         0
200587              2       0     0         0
200591.0            0       5     0         0
200597.0            3       0     0         0
200600.0           11       0     0         0
200602.0           14       5     0         0
200624.0            0       5     0         0
200626.0            2       0     0         0
200778              0       2     0         0
45343.0             2       0     0         0
45350.0             0       2     0         5
45355               0       0     1         0
45355.0             0       0     8         1
45358.0             2       1     2         2
45364.0             0       0     4         0
45376.0             0       2     0         0
45378.0             2       0     0         0
45386.0             1       0     0         6
45393               0       1     0         0
45393.0             0       8     0         0
45394.0             0       1     0         0
45400.0             0       0     2         0
45420.0             0       7     4         3
45431               0       0     0         1
45436.0             0       0     0         2
45441.0             0       0     0         2
45448               1       0     0         0
45454               0       0     0         2
45454.0             0       0     6         8
45457.0             0       0     0         1
45477.0             0       0     1         1
45487               0       0     4         2
45489.0             0       1     0         0
45494               0       0     1         1
45494.0             0       0     4         1
45497.0             0       0     2         1
45499               0       1     0         0
45520.0             6       6     0         0
45551.0             1       1     0         0
45557.0             0       0     0         1
45559.0             0       2     0         0
45565.0             0       2     0         0
45566               1       0     0         0
45566.0             0       0     0         1
45582               0       0     2         1
45582.0             0       4     0         1
45593.0             0       1     0         0
45594.0             0       0     5         0
45657.0             0       0     0         1
45688.0             1       0     0         0
45693.0             0       0     0         1
45735.0             0       0     1         0
45810.0             0       2     1         0
45820               0       0     0         1
45820.0             1       4     0         2
45834.0             0       0     3         1
45886.0             0       0     4         0
45987.0             1       1     0         1
45999.0             0       2     0         0
46031.0             0       0     4         2
46056.0             1       0     0         0
46093.0             0       0     0         2
46138               1       0     0         0
46405               0       2     2         0
46405.0             0       2     0         0
46436               0       0     0         2
46449               0       0     0         1
46449.0             0       0     1         0
46454.0             0       2     0         0
46940               0       1     0         0
81889               2       1     3         5
81889.0            49      56    42        56
81891               1       2     0         3
81891.0            45      42    45        52
81894               0       0     0         3
81894.0             4       3     5         4
81903.0             1       0     0         0
81907               0       0     0         3
81907.0             2       4     2         4
81915.0             0       0     3         0
81921               0       0     0         1
81930               0       0     0         2
81930.0             4       0     4         7
81941               1       1     0         0
81941.0             7       5     4        12
81957.0             0       0     3         4
81961.0             1       4     5         2
81978.0             0       0     0         1
81981.0             4       9     1         3
82083               0       0     0        10
82083.0             4      10     2         7
82151               0       0     1         0
82151.0            17       3     6         1
82159.0             0       0     0         2
82176.0             0       0     0         2
82280.0             0       0     0         2
82327.0             0       0     4         1
82336               0       0     0         5
82336.0             1       0     0         0
82389.0            10       9     5         4
82678               0       0     0         6
82678.0             0       0     2         1
82766.0             0       0     1         0
83373               0       1     0         0
88984               0       0     0         1
88984.0             1       0     0         0
88985.0             3       5     0         2
88990.0             0       0     1         0
88992.0             0       0     3         0
88993               1       0     0         0
88993.0             5       2     0         0
88994               0       1     0         0
88996.0             0       1     0         0
88997               0       2     0         0
88997.0             6       9     0         0
89000               0       0     1         1
89000.0             0       0     4         0
89001               5       0     0         0
89008               0       1     0         0
89021               0       1     2         1
89022               2       0     0         0
89022.0             2       1     0         0
89023.0             0       4     2         1
89041.0             0       5     0         3
89077.0             4       3     1         0
89078.0             0       0     1         0
89079.0             0       4     0         0
89082               0       0     2         0
89084.0             1       0     0         0
89086.0             0       2     0         0
89111               0       1     0         0
89111.0             0       1     0         0
89115.0             2       4     0         0
89117.0             0       0     1         0
89118.0             1       0     0         0
89138               0       0     0         1
89138.0             2       0     0         0
89157.0             4       0     2         0
89162               0       0     0         1
89163               0       0     0         3
89163.0             0       0     0         2
89164.0             2       0     0         0
89171.0             0       1     3         5
89177.0             0       0     4         0
89180               0       0     2         0
89180.0             0       4     0         0
89182               2       1     0         1
89182.0             0       0     0         4
89183.0             6       0     0         5
89186.0             0       0     1         0
89192               1       0     0         3
89192.0             0       0     0         1
89195.0             3       2     3         0
89207               1       0     0         0
89207.0             5       5     0         1
89209.0             0       8     0         0
89212.0             3       9     6         3
89223.0             0       4     1         0
89243               0       1     2         0
89243.0             0       1     2         2
89244.0             0       4     0         0
89258.0             0       1     0         0
89263               0       1     0         0
89263.0             2       2     0         0
89267.0             0       1     0         0
89279.0             0       2     0         0
89289.0             0       0     3         0
89304               0       2     0         1
89304.0             0       4     1         0
89306               0       4     2         0
89306.0             0       0     3         0
89307.0             0       1     3         1
89332.0             0       2     3         0
89347.0             0       0     3         0
89349               0       0     1         0
89349.0             0       5     0         0
89383.0             0       0     2         0
89394.0             0       0     2         0
89399.0             3       0     0         0
89401               0       2     0         0
89429.0             3       3     4         1
89444.0             2       3     1         0
89452.0             0       1     0         0
89472.0             0       1     0         0
89506.0             2       2     0         0
89512               0       1     0         1
89512.0             0       3     2         0
89540               0       1     1         0
89540.0             0       1     6         0
89553               0       2     1         0
89553.0             0       0     0         1
89568.0             0       0     1         0
89575.0             3       0     0         0
89595.0             0       3     0         0
89597.0             1       0     0         0
89614.0             0       3     0         0
89633               0       0     3         0
89633.0             0       2     0         0
89677.0             0       5     0         0
89693.0             0       0     0         1
89707               0       0     0         1
89729.0             0       0     1         0
89766.0             2       0     0         0
90025.0             2       0     0         0
90050               0       0     1         0
90051.0             0       6     0         0
90165.0             0       0     2         3
90208.0             0       0     3         0
90251               0       0     1         0
90251.0             3       3     0         0
90270.0             0       0     0         1
90352.0             0       2     0         0
90420.0             0       1     0         0
90514.0             1       0     0         0
90923.0             0       0     1         0
90929.0             2       0     0         0
90934.0             2       0     0         0
<UNKNOWN_USER>     16      45    37        43
Unknown          1438    1875  1466      2178

Risk percentages within each value:
task_risk_level     Low  Medium    High  Critical
assignee                                         
113043.0          50.00   16.67    0.00     33.33
113069.0          18.18   36.36   18.18     27.27
113071             0.00    0.00    0.00    100.00
113083             0.00    0.00    0.00    100.00
113083.0           0.00   16.67   29.17     54.17
113087.0          36.96   23.91   26.09     13.04
113106             0.00    0.00    0.00    100.00
113106.0          22.92   10.42   58.33      8.33
113109.0           0.00    0.00   75.00     25.00
113112.0           9.52   52.38    4.76     33.33
113115             0.00   50.00    0.00     50.00
113115.0          13.04   26.09   49.28     11.59
113121.0           0.00   50.00    0.00     50.00
113125             0.00    0.00    0.00    100.00
113130.0           0.00   66.67    0.00     33.33
113144.0           0.00    0.00  100.00      0.00
113153.0           4.76    0.00   33.33     61.90
113183             0.00    0.00    0.00    100.00
113186             0.00    0.00    0.00    100.00
113186.0           0.00    0.00    0.00    100.00
113192.0           0.00    0.00  100.00      0.00
113199.0           0.00    0.00    0.00    100.00
113209.0           0.00    0.00    0.00    100.00
113230.0           0.00    0.00    0.00    100.00
113232             0.00    0.00  100.00      0.00
113232.0           0.00   33.33   33.33     33.33
113244             0.00  100.00    0.00      0.00
113244.0           0.00  100.00    0.00      0.00
113280.0           0.00   30.77   46.15     23.08
113294.0           0.00    0.00  100.00      0.00
113350             0.00  100.00    0.00      0.00
113350.0           0.00   62.50    0.00     37.50
113370.0           0.00    0.00    0.00    100.00
113409.0           0.00    0.00    0.00    100.00
113415.0          50.00   50.00    0.00      0.00
113425.0           0.00  100.00    0.00      0.00
113427.0           0.00  100.00    0.00      0.00
113513.0           0.00    0.00    0.00    100.00
113521             0.00   50.00    0.00     50.00
113521.0           0.00   18.18   31.82     50.00
113548            40.00   40.00    0.00     20.00
113548.0         100.00    0.00    0.00      0.00
113688.0          27.27   54.55   18.18      0.00
113697.0           0.00   57.14    0.00     42.86
113721             0.00    0.00    0.00    100.00
113721.0           0.00   21.43   50.00     28.57
113768             0.00    0.00    0.00    100.00
113768.0           0.00    0.00   50.00     50.00
113815             0.00    0.00    0.00    100.00
113873.0           0.00  100.00    0.00      0.00
113914.0           0.00  100.00    0.00      0.00
114003             0.00    0.00    0.00    100.00
114029.0           0.00    0.00    0.00    100.00
114111.0           0.00    0.00  100.00      0.00
114181             0.00    0.00    0.00    100.00
114181.0          60.00    0.00    0.00     40.00
114183             0.00    0.00    0.00    100.00
114184             0.00    0.00    0.00    100.00
114184.0           0.00    0.00  100.00      0.00
114186             0.00    0.00  100.00      0.00
114186.0           0.00  100.00    0.00      0.00
114195             0.00    0.00    0.00    100.00
114196.0         100.00    0.00    0.00      0.00
114347.0         100.00    0.00    0.00      0.00
114369.0           0.00    0.00  100.00      0.00
114434.0           0.00  100.00    0.00      0.00
114542             0.00    0.00    0.00    100.00
116529             0.00  100.00    0.00      0.00
144432.0          78.50    5.61    4.67     11.21
144433           100.00    0.00    0.00      0.00
144433.0          73.56   18.39    1.15      6.90
144434            42.86   28.57    7.14     21.43
144434.0          48.41   22.29   24.20      5.10
144436.0          42.11   28.95   23.68      5.26
144437             0.00   58.33   41.67      0.00
144437.0          44.86   28.40   20.16      6.58
144438.0           0.00  100.00    0.00      0.00
144439.0          47.87   22.34    9.57     20.21
144440            16.67   58.33   25.00      0.00
144440.0          49.09   35.45    9.09      6.36
144441            20.00   80.00    0.00      0.00
144441.0          49.06   28.93   16.35      5.66
144443             0.00    0.00    0.00    100.00
144443.0          23.29   50.68   17.81      8.22
144446.0           0.00    0.00  100.00      0.00
144447.0          46.36   36.36   17.27      0.00
144448           100.00    0.00    0.00      0.00
144448.0          50.98   29.41   13.73      5.88
144449.0          50.00   50.00    0.00      0.00
144451.0         100.00    0.00    0.00      0.00
144453.0           0.00    0.00  100.00      0.00
144454           100.00    0.00    0.00      0.00
144458.0         100.00    0.00    0.00      0.00
144459.0          30.77   46.15   15.38      7.69
144460.0          29.63   42.59   19.44      8.33
144463.0          53.33   36.67   10.00      0.00
144465.0         100.00    0.00    0.00      0.00
144466             0.00   80.00    0.00     20.00
144466.0          32.28   50.39    8.66      8.66
144471             0.00    0.00    0.00    100.00
144471.0          60.00   12.73   20.00      7.27
144472             0.00    0.00   83.33     16.67
144472.0          46.79   36.70   10.09      6.42
144474.0          72.73    6.82   20.45      0.00
144477             0.00  100.00    0.00      0.00
144477.0          36.00   36.00   16.00     12.00
144478            75.00    0.00    0.00     25.00
144478.0          50.00   43.33    0.00      6.67
144479.0         100.00    0.00    0.00      0.00
144481             0.00  100.00    0.00      0.00
144481.0           0.00  100.00    0.00      0.00
144482             0.00   50.00    0.00     50.00
144482.0          28.83   47.75   19.82      3.60
144483             0.00    0.00  100.00      0.00
144483.0          46.30   21.30   29.63      2.78
144489.0          28.00   12.00   42.00     18.00
144497.0          25.00    0.00   50.00     25.00
144508.0           0.00    0.00   50.00     50.00
144510           100.00    0.00    0.00      0.00
144512.0         100.00    0.00    0.00      0.00
144515.0           0.00  100.00    0.00      0.00
144520.0         100.00    0.00    0.00      0.00
144523            62.50    0.00   37.50      0.00
144523.0          41.46   17.07   34.15      7.32
144526.0          40.00   60.00    0.00      0.00
144529.0          33.33   50.00    0.00     16.67
144535.0           0.00  100.00    0.00      0.00
144539.0          87.50    0.00   12.50      0.00
144543             0.00  100.00    0.00      0.00
144543.0          42.22   53.33    4.44      0.00
144545.0         100.00    0.00    0.00      0.00
144551           100.00    0.00    0.00      0.00
144551.0          64.71   17.65   17.65      0.00
144554.0          16.67    0.00   66.67     16.67
144558.0         100.00    0.00    0.00      0.00
144563             0.00    0.00  100.00      0.00
144569.0          50.00   50.00    0.00      0.00
144571.0         100.00    0.00    0.00      0.00
144573.0           0.00    0.00    0.00    100.00
144579.0           0.00  100.00    0.00      0.00
144584.0          62.75   31.37    5.88      0.00
144588             0.00    0.00    0.00    100.00
144588.0          62.50    0.00   18.75     18.75
144589.0           0.00    0.00    0.00    100.00
144591             0.00    0.00   55.56     44.44
144591.0          33.33   55.36    8.33      2.98
144592.0           0.00    0.00  100.00      0.00
144593.0          27.27   18.18   54.55      0.00
144595             0.00   28.57   42.86     28.57
144595.0          47.62   14.29   33.33      4.76
144596           100.00    0.00    0.00      0.00
144596.0          75.00    6.25   18.75      0.00
144597.0           0.00    0.00  100.00      0.00
144600            33.33    0.00   38.89     27.78
144600.0          47.73   34.09   15.91      2.27
144602.0         100.00    0.00    0.00      0.00
144607.0         100.00    0.00    0.00      0.00
144608.0         100.00    0.00    0.00      0.00
144610.0          25.00   75.00    0.00      0.00
144611             0.00    0.00    0.00    100.00
144611.0           0.00    0.00  100.00      0.00
144614           100.00    0.00    0.00      0.00
144615.0          75.00    0.00   25.00      0.00
144616.0         100.00    0.00    0.00      0.00
144618.0          90.91    9.09    0.00      0.00
144619.0           0.00  100.00    0.00      0.00
144620             0.00  100.00    0.00      0.00
144624.0         100.00    0.00    0.00      0.00
144631.0         100.00    0.00    0.00      0.00
144632.0          44.44   38.89    0.00     16.67
144633.0           0.00   66.67   33.33      0.00
144640.0           0.00    0.00    0.00    100.00
144644.0         100.00    0.00    0.00      0.00
144645.0         100.00    0.00    0.00      0.00
144651.0           0.00  100.00    0.00      0.00
144657.0          66.67   33.33    0.00      0.00
144659.0          75.00    0.00   25.00      0.00
144660.0           0.00  100.00    0.00      0.00
144662.0         100.00    0.00    0.00      0.00
144667.0          33.33   66.67    0.00      0.00
144671.0         100.00    0.00    0.00      0.00
144683.0         100.00    0.00    0.00      0.00
144687             0.00    0.00  100.00      0.00
144689.0         100.00    0.00    0.00      0.00
144690.0           0.00  100.00    0.00      0.00
144692.0          57.14    0.00   42.86      0.00
144697.0           0.00    0.00  100.00      0.00
145714.0          79.63   20.37    0.00      0.00
145715.0          84.62   15.38    0.00      0.00
145716.0          70.37   11.11   18.52      0.00
145717           100.00    0.00    0.00      0.00
145717.0          46.53   45.54    3.96      3.96
145718.0          18.87   66.98   14.15      0.00
145719.0          45.00   45.00   10.00      0.00
145720.0          76.10   14.63    9.27      0.00
145721.0          55.36   21.43   23.21      0.00
145722             0.00  100.00    0.00      0.00
145722.0          25.20   55.91   18.90      0.00
145723           100.00    0.00    0.00      0.00
145723.0          28.74   43.68   12.64     14.94
145724.0          33.33    0.00   66.67      0.00
145726             0.00  100.00    0.00      0.00
145726.0          58.33   31.67   10.00      0.00
145727.0          50.00   30.00   10.00     10.00
145729.0          50.60   40.96    8.43      0.00
145730.0          55.74   19.67   16.39      8.20
145731.0          90.91    9.09    0.00      0.00
145732             0.00  100.00    0.00      0.00
145732.0          13.64   63.64    0.00     22.73
145733            66.67    0.00   33.33      0.00
145733.0           0.00  100.00    0.00      0.00
145734           100.00    0.00    0.00      0.00
145734.0          41.36   46.91   11.73      0.00
145735.0          72.22   16.67   11.11      0.00
145736.0          40.00   42.00   18.00      0.00
145737             0.00    0.00    0.00    100.00
145737.0          41.18   38.24   11.76      8.82
145738.0          30.00   20.00   50.00      0.00
145739.0          16.67   66.67   16.67      0.00
145740             0.00  100.00    0.00      0.00
145740.0          11.49   73.56   14.94      0.00
145742             0.00  100.00    0.00      0.00
145742.0          31.82   36.36   18.18     13.64
145743             0.00  100.00    0.00      0.00
145743.0          75.00    0.00   25.00      0.00
145744.0          29.63   53.33   17.04      0.00
145745.0          57.45   17.02   25.53      0.00
145746.0          61.54   30.77    7.69      0.00
145747.0          69.57   17.39    0.00     13.04
145748             0.00  100.00    0.00      0.00
145748.0          61.74   27.01    9.32      1.93
145749             0.00    0.00  100.00      0.00
145749.0           0.00    0.00    0.00    100.00
145750             0.00  100.00    0.00      0.00
145750.0          35.85   28.30   35.85      0.00
145751.0          30.43   65.22    4.35      0.00
145752.0          22.46   59.42   18.12      0.00
145753.0         100.00    0.00    0.00      0.00
145754             0.00  100.00    0.00      0.00
145754.0          25.68   67.57    6.76      0.00
145755.0           0.00  100.00    0.00      0.00
145756.0          74.07   16.67    9.26      0.00
145757.0          63.16   21.05   15.79      0.00
145758.0          33.33   33.33   33.33      0.00
145759.0          58.18   32.73    9.09      0.00
145760           100.00    0.00    0.00      0.00
145760.0           5.45   94.55    0.00      0.00
145762             0.00   16.67   83.33      0.00
145762.0          18.75   50.00   31.25      0.00
145764.0           0.00  100.00    0.00      0.00
145765           100.00    0.00    0.00      0.00
145765.0          45.00   30.00   25.00      0.00
145766.0         100.00    0.00    0.00      0.00
145768             0.00    0.00  100.00      0.00
145768.0           0.00    0.00    0.00    100.00
145769.0          71.00   23.00    2.00      4.00
145770.0          82.35   17.65    0.00      0.00
145771.0          30.00   60.00   10.00      0.00
145772.0          30.43   47.83    0.00     21.74
145773             0.00   40.00   60.00      0.00
145773.0          63.64    4.55   31.82      0.00
145774.0          33.33   66.67    0.00      0.00
145775             0.00   66.67   33.33      0.00
145775.0          24.14   44.83   31.03      0.00
145778.0          56.10   31.71   12.20      0.00
145779.0           0.00    0.00   50.00     50.00
145780.0          12.90   87.10    0.00      0.00
145781.0           0.00  100.00    0.00      0.00
145783.0           0.00    0.00    0.00    100.00
145784.0          75.00   25.00    0.00      0.00
145785.0          70.00    0.00   30.00      0.00
145786             0.00    0.00  100.00      0.00
145786.0          43.75   56.25    0.00      0.00
145787.0         100.00    0.00    0.00      0.00
145788.0          41.38   48.28   10.34      0.00
145789.0          28.70   46.30   22.22      2.78
145790             0.00  100.00    0.00      0.00
145790.0          21.43   42.86   35.71      0.00
145791.0         100.00    0.00    0.00      0.00
145792.0          22.73   54.55   22.73      0.00
145793            50.00    0.00   50.00      0.00
145793.0          44.44   22.22   27.78      5.56
145794.0           0.00   40.91   59.09      0.00
145797.0          20.00   80.00    0.00      0.00
145798             0.00    0.00    0.00    100.00
145799.0           0.00  100.00    0.00      0.00
145801.0           0.00    0.00  100.00      0.00
145802.0           0.00    0.00    0.00    100.00
145803.0           0.00  100.00    0.00      0.00
145804.0           0.00   14.29   78.57      7.14
145806.0           0.00    0.00   16.67     83.33
145807.0           0.00    0.00    7.69     92.31
145808           100.00    0.00    0.00      0.00
145808.0           0.00   14.29   14.29     71.43
145809.0           0.00   20.00   80.00      0.00
145810.0          14.29   42.86   42.86      0.00
145813.0          29.03   35.48   35.48      0.00
145817            75.00   25.00    0.00      0.00
145817.0          33.33   44.44   22.22      0.00
145820.0          72.22    0.00   27.78      0.00
145822.0         100.00    0.00    0.00      0.00
145824.0         100.00    0.00    0.00      0.00
145825             0.00    0.00    0.00    100.00
145829.0          66.67   16.67   16.67      0.00
145831.0         100.00    0.00    0.00      0.00
145832           100.00    0.00    0.00      0.00
145832.0         100.00    0.00    0.00      0.00
145833.0         100.00    0.00    0.00      0.00
145834             0.00  100.00    0.00      0.00
145834.0          50.00   50.00    0.00      0.00
145836.0           0.00  100.00    0.00      0.00
145838           100.00    0.00    0.00      0.00
145851             0.00   25.00   75.00      0.00
14659             20.00   80.00    0.00      0.00
14659.0           50.00   25.00    0.00     25.00
14665.0            0.00    0.00    0.00    100.00
14676.0            0.00    0.00  100.00      0.00
151304.0           0.00  100.00    0.00      0.00
151306             0.00    0.00  100.00      0.00
151306.0          24.07   40.74   33.33      1.85
151308.0          18.06   54.17   16.67     11.11
151311             0.00  100.00    0.00      0.00
151311.0          10.53   73.68   10.53      5.26
151312.0          50.00    0.00   50.00      0.00
151313           100.00    0.00    0.00      0.00
151313.0          38.32   46.73   10.28      4.67
151316           100.00    0.00    0.00      0.00
151316.0          30.30   19.70   42.42      7.58
151319.0          30.95   46.43   14.29      8.33
151322           100.00    0.00    0.00      0.00
151322.0          27.50   29.17   33.33     10.00
151323             0.00    0.00    0.00    100.00
151323.0          10.53   52.63   31.58      5.26
151325.0           0.00    0.00   50.00     50.00
151331.0           0.00  100.00    0.00      0.00
151332.0           0.00  100.00    0.00      0.00
151335            42.86   14.29   42.86      0.00
151335.0          30.19   54.72   11.32      3.77
151339.0           0.00   54.55   36.36      9.09
151340             0.00   50.00   50.00      0.00
151340.0           9.02   57.89   24.06      9.02
151344             0.00  100.00    0.00      0.00
151344.0          15.97   55.46   28.57      0.00
151350.0          44.44   55.56    0.00      0.00
151351             0.00  100.00    0.00      0.00
151351.0           6.25   43.75   37.50     12.50
151352             0.00    0.00  100.00      0.00
151352.0          42.11   36.84   21.05      0.00
151354             0.00    0.00  100.00      0.00
151354.0          25.42   40.68   33.90      0.00
151361             0.00  100.00    0.00      0.00
151361.0          13.33   42.22   35.56      8.89
151363.0           0.00   33.33   33.33     33.33
151368             0.00    0.00    0.00    100.00
151368.0          12.90   35.48   43.55      8.06
151372             0.00  100.00    0.00      0.00
151372.0          24.56   42.11   33.33      0.00
151382.0          24.49   61.22    2.04     12.24
151383.0           0.00  100.00    0.00      0.00
151388             0.00   33.33   66.67      0.00
151393             0.00  100.00    0.00      0.00
151393.0           0.00    0.00   50.00     50.00
151395             0.00  100.00    0.00      0.00
151395.0          16.67   41.67   41.67      0.00
151396.0          23.53   50.00   26.47      0.00
151398.0           0.00  100.00    0.00      0.00
151401.0           0.00   50.00   50.00      0.00
151402.0           0.00    0.00  100.00      0.00
151407             0.00    0.00  100.00      0.00
151407.0           6.06   36.36   51.52      6.06
151409.0           0.00  100.00    0.00      0.00
151417.0          33.33   66.67    0.00      0.00
151426.0           0.00   75.00   25.00      0.00
151427.0           9.09   90.91    0.00      0.00
151429.0           0.00  100.00    0.00      0.00
151432.0           0.00    0.00   50.00     50.00
151434             0.00  100.00    0.00      0.00
151434.0          18.18   28.41   40.91     12.50
151437.0           0.00  100.00    0.00      0.00
151438.0           0.00  100.00    0.00      0.00
151442             0.00  100.00    0.00      0.00
151442.0           0.00    0.00  100.00      0.00
151443.0           0.00   50.00   50.00      0.00
151447             0.00  100.00    0.00      0.00
151447.0          25.58   53.49   20.93      0.00
151449.0           0.00  100.00    0.00      0.00
151453.0           0.00    0.00  100.00      0.00
151454.0           0.00    0.00   50.00     50.00
151462.0          20.00    0.00   60.00     20.00
151470.0           0.00    0.00  100.00      0.00
151472.0          33.33   22.22   44.44      0.00
151476.0           0.00   20.00   48.00     32.00
151494.0           0.00  100.00    0.00      0.00
151497             0.00    0.00    0.00    100.00
151509.0           0.00    0.00    0.00    100.00
151520.0           0.00  100.00    0.00      0.00
151533.0           0.00   42.86   57.14      0.00
151579.0           0.00    0.00  100.00      0.00
151581.0           0.00  100.00    0.00      0.00
151585             0.00  100.00    0.00      0.00
151585.0           8.33   58.33    0.00     33.33
151600.0           0.00  100.00    0.00      0.00
151603.0           0.00   66.67    0.00     33.33
151607.0           0.00    0.00  100.00      0.00
151616             0.00  100.00    0.00      0.00
151637.0           0.00  100.00    0.00      0.00
151650.0           0.00    0.00    0.00    100.00
151669.0          16.67   83.33    0.00      0.00
151674.0           0.00  100.00    0.00      0.00
151678.0           0.00  100.00    0.00      0.00
151691.0           0.00    0.00  100.00      0.00
151727.0           0.00    0.00    0.00    100.00
151739.0           0.00    0.00  100.00      0.00
151755.0           0.00   33.33   33.33     33.33
151757.0           0.00    0.00  100.00      0.00
151777.0           0.00    0.00  100.00      0.00
151791.0          50.00    0.00   50.00      0.00
151808.0           0.00  100.00    0.00      0.00
151828.0           0.00    0.00  100.00      0.00
151850.0           0.00    0.00  100.00      0.00
151855.0           0.00    0.00    0.00    100.00
151858             0.00    0.00    0.00    100.00
151858.0           0.00  100.00    0.00      0.00
151864.0           0.00  100.00    0.00      0.00
151906             0.00    0.00  100.00      0.00
151906.0           0.00  100.00    0.00      0.00
151908.0           0.00    0.00  100.00      0.00
151912.0           0.00    0.00    0.00    100.00
151918.0           0.00  100.00    0.00      0.00
151927.0           0.00  100.00    0.00      0.00
151939.0           0.00  100.00    0.00      0.00
151959.0           0.00    0.00  100.00      0.00
151979.0           0.00    0.00    0.00    100.00
152003.0           0.00    0.00  100.00      0.00
152005.0           0.00    0.00  100.00      0.00
152034.0           0.00    0.00  100.00      0.00
166007             8.70    8.70   13.04     69.57
166007.0          38.78   26.94   23.67     10.61
166009            25.81   19.35   22.58     32.26
166009.0          13.48   22.57   24.76     39.18
166010.0          31.80   19.25   23.85     25.10
166011            44.44    5.56   22.22     27.78
166011.0          13.78   26.28   27.24     32.69
166012             0.00    0.00   50.00     50.00
166012.0           0.00  100.00    0.00      0.00
166013             0.00  100.00    0.00      0.00
166013.0           0.00  100.00    0.00      0.00
166014             9.09   29.55   11.36     50.00
166014.0          11.59   33.40   33.79     21.22
166017.0           0.00    0.00   40.00     60.00
166018            13.73   29.41   17.65     39.22
166018.0          18.41   32.17   24.93     24.49
166019             5.80   21.74   33.33     39.13
166019.0          13.31   29.82   29.13     27.74
166020           100.00    0.00    0.00      0.00
166020.0           0.00    0.00    0.00    100.00
166024             6.38   42.55   21.28     29.79
166024.0           0.00    0.00  100.00      0.00
166026             0.00    0.00   33.33     66.67
166026.0           0.00   64.29   21.43     14.29
166032.0         100.00    0.00    0.00      0.00
166044            19.09   25.45   15.45     40.00
166049.0           0.00    0.00    0.00    100.00
166050            28.57   42.86   14.29     14.29
166050.0          39.13   28.99   23.19      8.70
166053             0.00    0.00    0.00    100.00
166055            33.33   33.33   33.33      0.00
166055.0           0.00    0.00    0.00    100.00
166067             0.00    0.00   50.00     50.00
166069.0           0.00    0.00    0.00    100.00
166073             7.69    7.69   30.77     53.85
166073.0           0.00    0.00   20.00     80.00
166074             3.57    7.14   10.71     78.57
166074.0          12.32   15.76   42.36     29.56
166082            16.54   22.69   26.54     34.23
166082.0           0.00   50.00    0.00     50.00
166083.0          15.28   27.08   25.47     32.17
166090            20.83   20.83   45.83     12.50
166090.0         100.00    0.00    0.00      0.00
166096            25.00   12.50   37.50     25.00
166101           100.00    0.00    0.00      0.00
166101.0          25.00    0.00   75.00      0.00
166131            83.33   16.67    0.00      0.00
166198             0.00    0.00    0.00    100.00
166201             0.00    0.00  100.00      0.00
166201.0           0.00  100.00    0.00      0.00
166205             0.00  100.00    0.00      0.00
166223            50.00   50.00    0.00      0.00
166310             0.00    0.00    0.00    100.00
169180            33.33    0.00    0.00     66.67
169180.0           0.00   50.00    0.00     50.00
169196.0           0.00    0.00    0.00    100.00
169203.0           0.00    0.00  100.00      0.00
169205             5.88   29.41   41.18     23.53
169205.0          23.26   39.53   20.93     16.28
169214           100.00    0.00    0.00      0.00
169240.0           0.00    0.00  100.00      0.00
169253.0           0.00    0.00    0.00    100.00
169254             0.00    4.35   17.39     78.26
169254.0           0.00    0.00   66.67     33.33
169258.0         100.00    0.00    0.00      0.00
169260.0           0.00    0.00  100.00      0.00
169264.0           0.00    0.00  100.00      0.00
169273             0.00  100.00    0.00      0.00
169282.0           0.00   33.33   55.56     11.11
169293             0.00    0.00  100.00      0.00
169298           100.00    0.00    0.00      0.00
169298.0         100.00    0.00    0.00      0.00
169347             0.00  100.00    0.00      0.00
169358             0.00  100.00    0.00      0.00
169358.0          38.89   50.00    5.56      5.56
169359             0.00    0.00  100.00      0.00
169368.0           0.00  100.00    0.00      0.00
169380.0           0.00  100.00    0.00      0.00
169390             0.00    0.00    0.00    100.00
169399.0           0.00  100.00    0.00      0.00
169407             0.00    0.00  100.00      0.00
169408            62.50   12.50    0.00     25.00
169408.0          50.00    0.00    0.00     50.00
169423.0           0.00  100.00    0.00      0.00
169424.0         100.00    0.00    0.00      0.00
169428.0           0.00    0.00  100.00      0.00
169434.0          33.33   33.33   33.33      0.00
169450.0           0.00    0.00    0.00    100.00
169453.0           0.00    0.00  100.00      0.00
169455             0.00  100.00    0.00      0.00
169460.0           0.00  100.00    0.00      0.00
169477.0         100.00    0.00    0.00      0.00
169482.0           0.00    0.00    0.00    100.00
169552             0.00    0.00  100.00      0.00
169560.0           0.00   66.67   33.33      0.00
169574             0.00    0.00  100.00      0.00
169575.0           0.00  100.00    0.00      0.00
169577.0          75.00    0.00    0.00     25.00
169604             0.00    0.00   50.00     50.00
169613.0         100.00    0.00    0.00      0.00
169641.0          66.67   33.33    0.00      0.00
169665             0.00    0.00  100.00      0.00
169682.0          75.00   25.00    0.00      0.00
169688.0           0.00    0.00    0.00    100.00
169690.0           0.00  100.00    0.00      0.00
169702.0           0.00    0.00    0.00    100.00
169724.0           0.00    0.00    0.00    100.00
169829.0           0.00  100.00    0.00      0.00
169854.0         100.00    0.00    0.00      0.00
169863.0           0.00   50.00   50.00      0.00
169877           100.00    0.00    0.00      0.00
169878.0         100.00    0.00    0.00      0.00
169891             0.00  100.00    0.00      0.00
169892             0.00  100.00    0.00      0.00
169899.0         100.00    0.00    0.00      0.00
169903             0.00    0.00  100.00      0.00
169914             0.00    0.00    0.00    100.00
169914.0           0.00    0.00   66.67     33.33
169924.0           0.00    0.00  100.00      0.00
169935.0           0.00    0.00  100.00      0.00
169938.0           0.00  100.00    0.00      0.00
170026.0           0.00    0.00  100.00      0.00
170048             0.00    0.00    0.00    100.00
170104.0           0.00  100.00    0.00      0.00
170174             0.00    0.00  100.00      0.00
170180             0.00    0.00    0.00    100.00
170180.0           0.00    0.00  100.00      0.00
170210.0         100.00    0.00    0.00      0.00
170259.0           0.00  100.00    0.00      0.00
170277.0           0.00  100.00    0.00      0.00
170287.0           0.00   50.00   50.00      0.00
170299.0           0.00  100.00    0.00      0.00
170301.0           0.00    0.00  100.00      0.00
170354           100.00    0.00    0.00      0.00
170395.0         100.00    0.00    0.00      0.00
170515.0           0.00  100.00    0.00      0.00
170574             0.00    0.00    0.00    100.00
170589.0         100.00    0.00    0.00      0.00
170824             0.00  100.00    0.00      0.00
200289            29.36   56.17   14.47      0.00
200289.0          81.82   18.18    0.00      0.00
200290.0          52.86   42.86    4.29      0.00
200292             0.00  100.00    0.00      0.00
200292.0          33.33   42.86   23.81      0.00
200293            33.33   66.67    0.00      0.00
200293.0          72.36   23.58    4.07      0.00
200294            60.71   39.29    0.00      0.00
200295.0          88.24    5.88    5.88      0.00
200296.0          64.95   19.59   15.46      0.00
200297            35.44   37.97   26.58      0.00
200297.0         100.00    0.00    0.00      0.00
200299            31.25   44.49   24.26      0.00
200299.0          55.56   16.67   27.78      0.00
200300.0          50.00   35.71   14.29      0.00
200301             0.00    0.00  100.00      0.00
200301.0          20.00   36.00   44.00      0.00
200302             0.00  100.00    0.00      0.00
200302.0          69.70   30.30    0.00      0.00
200304             0.00  100.00    0.00      0.00
200304.0          42.86   57.14    0.00      0.00
200305.0          70.37   29.63    0.00      0.00
200306            44.44   33.33   17.78      4.44
200306.0          33.33   44.44   22.22      0.00
200307.0          31.48   55.56   12.96      0.00
200308             0.00  100.00    0.00      0.00
200308.0          57.53   31.51   10.96      0.00
200309            10.79   64.75   24.46      0.00
200309.0          60.00   30.00   10.00      0.00
200310.0          45.00   25.00   30.00      0.00
200315            19.44   45.83   34.72      0.00
200315.0         100.00    0.00    0.00      0.00
200316             0.00  100.00    0.00      0.00
200316.0          82.50   17.50    0.00      0.00
200317.0          40.00   48.57   11.43      0.00
200318.0          66.67   33.33    0.00      0.00
200319.0         100.00    0.00    0.00      0.00
200321            10.11   56.74   33.15      0.00
200321.0          57.14   19.05   23.81      0.00
200322.0         100.00    0.00    0.00      0.00
200324.0          61.54   19.23   19.23      0.00
200326           100.00    0.00    0.00      0.00
200326.0          74.55   14.55   10.91      0.00
200328.0          19.05   38.10   42.86      0.00
200329            50.00   50.00    0.00      0.00
200329.0           0.00   27.27   72.73      0.00
200330.0           9.52   42.86   47.62      0.00
200331.0          27.27   50.00   22.73      0.00
200333.0          59.46   21.62   16.22      2.70
200334             0.00  100.00    0.00      0.00
200334.0          47.06   29.41   23.53      0.00
200335.0          80.77   19.23    0.00      0.00
200336             0.00  100.00    0.00      0.00
200336.0          84.44   13.33    2.22      0.00
200337.0          16.88   66.23   16.88      0.00
200338            16.67   16.67   66.67      0.00
200338.0          38.10   52.38    9.52      0.00
200339.0         100.00    0.00    0.00      0.00
200340.0           0.00   69.57   30.43      0.00
200341             0.00    0.00  100.00      0.00
200341.0          55.88   20.59   23.53      0.00
200342           100.00    0.00    0.00      0.00
200342.0          52.38   47.62    0.00      0.00
200343.0           0.00   60.00   40.00      0.00
200344.0          58.14   37.21    4.65      0.00
200346            23.08   61.54   15.38      0.00
200346.0           0.00   50.00   50.00      0.00
200348            28.57   71.43    0.00      0.00
200350.0         100.00    0.00    0.00      0.00
200352            14.29   71.43   14.29      0.00
200352.0          26.67   60.00   13.33      0.00
200353.0          53.33   46.67    0.00      0.00
200354.0          72.22   16.67   11.11      0.00
200357.0          54.55   45.45    0.00      0.00
200360.0         100.00    0.00    0.00      0.00
200363.0          50.00   16.67   33.33      0.00
200364.0          40.00   60.00    0.00      0.00
200365             0.00    0.00  100.00      0.00
200365.0          55.56   44.44    0.00      0.00
200366             0.00   33.33   66.67      0.00
200366.0          26.98   36.51   36.51      0.00
200368             0.00  100.00    0.00      0.00
200368.0          85.71   14.29    0.00      0.00
200369.0          33.33   60.00    6.67      0.00
200370.0          48.65   16.22   35.14      0.00
200371            30.77   69.23    0.00      0.00
200371.0          25.00   50.00   25.00      0.00
200372.0          72.41   27.59    0.00      0.00
200373            37.50   37.50   25.00      0.00
200373.0          48.28   41.38   10.34      0.00
200378             0.00  100.00    0.00      0.00
200378.0          75.00   25.00    0.00      0.00
200379            40.00   60.00    0.00      0.00
200380.0          23.53   58.82   17.65      0.00
200381.0           0.00   37.50   62.50      0.00
200382.0          61.36    9.09   29.55      0.00
200383            60.00   40.00    0.00      0.00
200383.0          57.50   17.50   25.00      0.00
200384             0.00   66.67   33.33      0.00
200384.0          36.92   32.31   30.77      0.00
200385.0          31.71   56.10   12.20      0.00
200387.0          53.33   26.67   20.00      0.00
200388.0           0.00   75.00   25.00      0.00
200389.0          33.33   58.33    8.33      0.00
200390.0           0.00   66.67   33.33      0.00
200391             0.00  100.00    0.00      0.00
200391.0          40.00   60.00    0.00      0.00
200393.0          25.00    0.00   75.00      0.00
200394             0.00  100.00    0.00      0.00
200394.0          40.00   31.11   28.89      0.00
200397            38.24   41.18   20.59      0.00
200397.0         100.00    0.00    0.00      0.00
200398            33.33   66.67    0.00      0.00
200398.0          45.83   52.78    1.39      0.00
200402             0.00  100.00    0.00      0.00
200402.0          57.14   42.86    0.00      0.00
200405.0          45.45    0.00   54.55      0.00
200408.0         100.00    0.00    0.00      0.00
200410.0         100.00    0.00    0.00      0.00
200412             0.00    0.00  100.00      0.00
200412.0          36.11   33.33   30.56      0.00
200413.0          50.00   50.00    0.00      0.00
200414            10.34   72.41   17.24      0.00
200414.0         100.00    0.00    0.00      0.00
200416.0          26.32   21.05   52.63      0.00
200417.0           0.00  100.00    0.00      0.00
200420            50.00    0.00   50.00      0.00
200420.0          36.36   42.42   21.21      0.00
200421            37.50   62.50    0.00      0.00
200421.0          38.89   52.78    8.33      0.00
200423.0          55.00   40.00    5.00      0.00
200424.0          80.00   20.00    0.00      0.00
200430.0          20.83   58.33   20.83      0.00
200433.0          50.00   50.00    0.00      0.00
200435.0           0.00   42.86   57.14      0.00
200437.0          80.00   20.00    0.00      0.00
200441.0           0.00   72.73   27.27      0.00
200442.0           0.00   33.33   66.67      0.00
200447.0           0.00   75.00   25.00      0.00
200448             0.00  100.00    0.00      0.00
200448.0          59.09   34.09    6.82      0.00
200451.0          38.46   61.54    0.00      0.00
200454           100.00    0.00    0.00      0.00
200454.0          61.54   38.46    0.00      0.00
200457             0.00    0.00  100.00      0.00
200457.0          23.08   62.82   14.10      0.00
200458           100.00    0.00    0.00      0.00
200458.0          20.00   26.67   53.33      0.00
200461.0          44.44   22.22    0.00     33.33
200463             0.00  100.00    0.00      0.00
200463.0          62.82   30.77    6.41      0.00
200464.0          36.36   50.00   13.64      0.00
200484             0.00  100.00    0.00      0.00
200484.0           0.00   58.82   41.18      0.00
200486.0         100.00    0.00    0.00      0.00
200487.0         100.00    0.00    0.00      0.00
200488             0.00    0.00  100.00      0.00
200488.0           0.00  100.00    0.00      0.00
200489.0         100.00    0.00    0.00      0.00
200499             0.00    0.00  100.00      0.00
200499.0           0.00   77.78   22.22      0.00
200506             0.00   66.67    0.00     33.33
200510.0           0.00    0.00  100.00      0.00
200511.0           0.00    0.00  100.00      0.00
200518.0           0.00    0.00  100.00      0.00
200522             0.00   66.67   33.33      0.00
200522.0          92.00    8.00    0.00      0.00
200525.0           0.00    0.00  100.00      0.00
200526.0          77.78    0.00   22.22      0.00
200532            60.00   40.00    0.00      0.00
200534             0.00    0.00  100.00      0.00
200538             0.00    0.00  100.00      0.00
200553.0           0.00    0.00  100.00      0.00
200554.0          44.44   55.56    0.00      0.00
200555             0.00    0.00    0.00    100.00
200564             0.00    0.00    0.00    100.00
200580.0          33.33   66.67    0.00      0.00
200582.0           0.00  100.00    0.00      0.00
200585.0         100.00    0.00    0.00      0.00
200587           100.00    0.00    0.00      0.00
200591.0           0.00  100.00    0.00      0.00
200597.0         100.00    0.00    0.00      0.00
200600.0         100.00    0.00    0.00      0.00
200602.0          73.68   26.32    0.00      0.00
200624.0           0.00  100.00    0.00      0.00
200626.0         100.00    0.00    0.00      0.00
200778             0.00  100.00    0.00      0.00
45343.0          100.00    0.00    0.00      0.00
45350.0            0.00   28.57    0.00     71.43
45355              0.00    0.00  100.00      0.00
45355.0            0.00    0.00   88.89     11.11
45358.0           28.57   14.29   28.57     28.57
45364.0            0.00    0.00  100.00      0.00
45376.0            0.00  100.00    0.00      0.00
45378.0          100.00    0.00    0.00      0.00
45386.0           14.29    0.00    0.00     85.71
45393              0.00  100.00    0.00      0.00
45393.0            0.00  100.00    0.00      0.00
45394.0            0.00  100.00    0.00      0.00
45400.0            0.00    0.00  100.00      0.00
45420.0            0.00   50.00   28.57     21.43
45431              0.00    0.00    0.00    100.00
45436.0            0.00    0.00    0.00    100.00
45441.0            0.00    0.00    0.00    100.00
45448            100.00    0.00    0.00      0.00
45454              0.00    0.00    0.00    100.00
45454.0            0.00    0.00   42.86     57.14
45457.0            0.00    0.00    0.00    100.00
45477.0            0.00    0.00   50.00     50.00
45487              0.00    0.00   66.67     33.33
45489.0            0.00  100.00    0.00      0.00
45494              0.00    0.00   50.00     50.00
45494.0            0.00    0.00   80.00     20.00
45497.0            0.00    0.00   66.67     33.33
45499              0.00  100.00    0.00      0.00
45520.0           50.00   50.00    0.00      0.00
45551.0           50.00   50.00    0.00      0.00
45557.0            0.00    0.00    0.00    100.00
45559.0            0.00  100.00    0.00      0.00
45565.0            0.00  100.00    0.00      0.00
45566            100.00    0.00    0.00      0.00
45566.0            0.00    0.00    0.00    100.00
45582              0.00    0.00   66.67     33.33
45582.0            0.00   80.00    0.00     20.00
45593.0            0.00  100.00    0.00      0.00
45594.0            0.00    0.00  100.00      0.00
45657.0            0.00    0.00    0.00    100.00
45688.0          100.00    0.00    0.00      0.00
45693.0            0.00    0.00    0.00    100.00
45735.0            0.00    0.00  100.00      0.00
45810.0            0.00   66.67   33.33      0.00
45820              0.00    0.00    0.00    100.00
45820.0           14.29   57.14    0.00     28.57
45834.0            0.00    0.00   75.00     25.00
45886.0            0.00    0.00  100.00      0.00
45987.0           33.33   33.33    0.00     33.33
45999.0            0.00  100.00    0.00      0.00
46031.0            0.00    0.00   66.67     33.33
46056.0          100.00    0.00    0.00      0.00
46093.0            0.00    0.00    0.00    100.00
46138            100.00    0.00    0.00      0.00
46405              0.00   50.00   50.00      0.00
46405.0            0.00  100.00    0.00      0.00
46436              0.00    0.00    0.00    100.00
46449              0.00    0.00    0.00    100.00
46449.0            0.00    0.00  100.00      0.00
46454.0            0.00  100.00    0.00      0.00
46940              0.00  100.00    0.00      0.00
81889             18.18    9.09   27.27     45.45
81889.0           24.14   27.59   20.69     27.59
81891             16.67   33.33    0.00     50.00
81891.0           24.46   22.83   24.46     28.26
81894              0.00    0.00    0.00    100.00
81894.0           25.00   18.75   31.25     25.00
81903.0          100.00    0.00    0.00      0.00
81907              0.00    0.00    0.00    100.00
81907.0           16.67   33.33   16.67     33.33
81915.0            0.00    0.00  100.00      0.00
81921              0.00    0.00    0.00    100.00
81930              0.00    0.00    0.00    100.00
81930.0           26.67    0.00   26.67     46.67
81941             50.00   50.00    0.00      0.00
81941.0           25.00   17.86   14.29     42.86
81957.0            0.00    0.00   42.86     57.14
81961.0            8.33   33.33   41.67     16.67
81978.0            0.00    0.00    0.00    100.00
81981.0           23.53   52.94    5.88     17.65
82083              0.00    0.00    0.00    100.00
82083.0           17.39   43.48    8.70     30.43
82151              0.00    0.00  100.00      0.00
82151.0           62.96   11.11   22.22      3.70
82159.0            0.00    0.00    0.00    100.00
82176.0            0.00    0.00    0.00    100.00
82280.0            0.00    0.00    0.00    100.00
82327.0            0.00    0.00   80.00     20.00
82336              0.00    0.00    0.00    100.00
82336.0          100.00    0.00    0.00      0.00
82389.0           35.71   32.14   17.86     14.29
82678              0.00    0.00    0.00    100.00
82678.0            0.00    0.00   66.67     33.33
82766.0            0.00    0.00  100.00      0.00
83373              0.00  100.00    0.00      0.00
88984              0.00    0.00    0.00    100.00
88984.0          100.00    0.00    0.00      0.00
88985.0           30.00   50.00    0.00     20.00
88990.0            0.00    0.00  100.00      0.00
88992.0            0.00    0.00  100.00      0.00
88993            100.00    0.00    0.00      0.00
88993.0           71.43   28.57    0.00      0.00
88994              0.00  100.00    0.00      0.00
88996.0            0.00  100.00    0.00      0.00
88997              0.00  100.00    0.00      0.00
88997.0           40.00   60.00    0.00      0.00
89000              0.00    0.00   50.00     50.00
89000.0            0.00    0.00  100.00      0.00
89001            100.00    0.00    0.00      0.00
89008              0.00  100.00    0.00      0.00
89021              0.00   25.00   50.00     25.00
89022            100.00    0.00    0.00      0.00
89022.0           66.67   33.33    0.00      0.00
89023.0            0.00   57.14   28.57     14.29
89041.0            0.00   62.50    0.00     37.50
89077.0           50.00   37.50   12.50      0.00
89078.0            0.00    0.00  100.00      0.00
89079.0            0.00  100.00    0.00      0.00
89082              0.00    0.00  100.00      0.00
89084.0          100.00    0.00    0.00      0.00
89086.0            0.00  100.00    0.00      0.00
89111              0.00  100.00    0.00      0.00
89111.0            0.00  100.00    0.00      0.00
89115.0           33.33   66.67    0.00      0.00
89117.0            0.00    0.00  100.00      0.00
89118.0          100.00    0.00    0.00      0.00
89138              0.00    0.00    0.00    100.00
89138.0          100.00    0.00    0.00      0.00
89157.0           66.67    0.00   33.33      0.00
89162              0.00    0.00    0.00    100.00
89163              0.00    0.00    0.00    100.00
89163.0            0.00    0.00    0.00    100.00
89164.0          100.00    0.00    0.00      0.00
89171.0            0.00   11.11   33.33     55.56
89177.0            0.00    0.00  100.00      0.00
89180              0.00    0.00  100.00      0.00
89180.0            0.00  100.00    0.00      0.00
89182             50.00   25.00    0.00     25.00
89182.0            0.00    0.00    0.00    100.00
89183.0           54.55    0.00    0.00     45.45
89186.0            0.00    0.00  100.00      0.00
89192             25.00    0.00    0.00     75.00
89192.0            0.00    0.00    0.00    100.00
89195.0           37.50   25.00   37.50      0.00
89207            100.00    0.00    0.00      0.00
89207.0           45.45   45.45    0.00      9.09
89209.0            0.00  100.00    0.00      0.00
89212.0           14.29   42.86   28.57     14.29
89223.0            0.00   80.00   20.00      0.00
89243              0.00   33.33   66.67      0.00
89243.0            0.00   20.00   40.00     40.00
89244.0            0.00  100.00    0.00      0.00
89258.0            0.00  100.00    0.00      0.00
89263              0.00  100.00    0.00      0.00
89263.0           50.00   50.00    0.00      0.00
89267.0            0.00  100.00    0.00      0.00
89279.0            0.00  100.00    0.00      0.00
89289.0            0.00    0.00  100.00      0.00
89304              0.00   66.67    0.00     33.33
89304.0            0.00   80.00   20.00      0.00
89306              0.00   66.67   33.33      0.00
89306.0            0.00    0.00  100.00      0.00
89307.0            0.00   20.00   60.00     20.00
89332.0            0.00   40.00   60.00      0.00
89347.0            0.00    0.00  100.00      0.00
89349              0.00    0.00  100.00      0.00
89349.0            0.00  100.00    0.00      0.00
89383.0            0.00    0.00  100.00      0.00
89394.0            0.00    0.00  100.00      0.00
89399.0          100.00    0.00    0.00      0.00
89401              0.00  100.00    0.00      0.00
89429.0           27.27   27.27   36.36      9.09
89444.0           33.33   50.00   16.67      0.00
89452.0            0.00  100.00    0.00      0.00
89472.0            0.00  100.00    0.00      0.00
89506.0           50.00   50.00    0.00      0.00
89512              0.00   50.00    0.00     50.00
89512.0            0.00   60.00   40.00      0.00
89540              0.00   50.00   50.00      0.00
89540.0            0.00   14.29   85.71      0.00
89553              0.00   66.67   33.33      0.00
89553.0            0.00    0.00    0.00    100.00
89568.0            0.00    0.00  100.00      0.00
89575.0          100.00    0.00    0.00      0.00
89595.0            0.00  100.00    0.00      0.00
89597.0          100.00    0.00    0.00      0.00
89614.0            0.00  100.00    0.00      0.00
89633              0.00    0.00  100.00      0.00
89633.0            0.00  100.00    0.00      0.00
89677.0            0.00  100.00    0.00      0.00
89693.0            0.00    0.00    0.00    100.00
89707              0.00    0.00    0.00    100.00
89729.0            0.00    0.00  100.00      0.00
89766.0          100.00    0.00    0.00      0.00
90025.0          100.00    0.00    0.00      0.00
90050              0.00    0.00  100.00      0.00
90051.0            0.00  100.00    0.00      0.00
90165.0            0.00    0.00   40.00     60.00
90208.0            0.00    0.00  100.00      0.00
90251              0.00    0.00  100.00      0.00
90251.0           50.00   50.00    0.00      0.00
90270.0            0.00    0.00    0.00    100.00
90352.0            0.00  100.00    0.00      0.00
90420.0            0.00  100.00    0.00      0.00
90514.0          100.00    0.00    0.00      0.00
90923.0            0.00    0.00  100.00      0.00
90929.0          100.00    0.00    0.00      0.00
90934.0          100.00    0.00    0.00      0.00
<UNKNOWN_USER>    11.35   31.91   26.24     30.50
Unknown           20.67   26.95   21.07     31.31

================================================================================
4. SPRINT VS RISK
================================================================================

Counts:
task_risk_level                                                                                                                                                                                                                                                                                                                                                                                                                            Low  Medium  High  Critical
sprint                                                                                                                                                                                                                                                                                                                                                                                                                                                                
2016 Sprint 13 SDK                                                                                                                                                                                                                                                                                                                                                                                                                           0       0     0         1
2016 Sprint 17 SDK                                                                                                                                                                                                                                                                                                                                                                                                                           0       6     3         2
2016 Sprint 17 SDK, 2018 Sprint 18 SDK                                                                                                                                                                                                                                                                                                                                                                                                       0       1     1         2
2016 Sprint 17 SDK, 2018 Sprint 18 SDK, 2018 Sprint 19 SDK                                                                                                                                                                                                                                                                                                                                                                                   0       0     2         0
2016 Sprint 17 SDK, 2018 Sprint 18 SDK, 2018 Sprint 19 SDK, 2018 Sprint 20 SDK, 2018 Sprint 21, 2018 Sprint 22                                                                                                                                                                                                                                                                                                                               0       0     0         2
2016 Sprint 17 SDK, 2018 Sprint 18 SDK, 2018 Sprint 19 SDK, 2018 Sprint 20 SDK, 2018 Sprint 21, 2018 Sprint 22, 2018 Sprint 23                                                                                                                                                                                                                                                                                                               0       0     0         1
2016 Sprint 17 SDK, 2018 Sprint 18 SDK, 2018 Sprint 19 SDK, 2018 Sprint 20 SDK, 2018 Sprint 21, 2018 Sprint 22, 2018 Sprint 23, 2018 Sprint 24, 2018 Sprint 25                                                                                                                                                                                                                                                                               0       0     0         1
2016 Sprint 17 SDK, 2018 Sprint 18 SDK, 2018 Sprint 19 SDK, 2018 Sprint 20 SDK, 2018 Sprint 21, 2018 Sprint 22, 2018 Sprint 25, 2018 Sprint 26, 2019 Sprint 1                                                                                                                                                                                                                                                                                0       0     0         1
2016 Sprint 18 SDK                                                                                                                                                                                                                                                                                                                                                                                                                           0       0     0         1
2017 Sprint 16 Platform                                                                                                                                                                                                                                                                                                                                                                                                                      0       2     0         0
2017 Sprint 22 Platform                                                                                                                                                                                                                                                                                                                                                                                                                      0       9     3         6
2018 Sprint 01 SDK                                                                                                                                                                                                                                                                                                                                                                                                                           0       3     0         1
2018 Sprint 01 SDK, 2018 Sprint 02 SDK                                                                                                                                                                                                                                                                                                                                                                                                       0       0     1         0
2018 Sprint 01 SDK, 2018 Sprint 02 SDK, 2018 Sprint 03 SDK, 2018 Sprint 13 SDK, 2018 Sprint 14 SDK, 2018 Sprint 15 SDK, 2018 Sprint 16 SDK                                                                                                                                                                                                                                                                                                   0       0     0         1
2018 Sprint 01 SDK, 2018 Sprint 02 SDK, 2018 Sprint 03 SDK, 2018 Sprint 13 SDK, 2018 Sprint 14 SDK, 2018 Sprint 15 SDK, 2018 Sprint 16 SDK, 2016 Sprint 17 SDK, 2018 Sprint 18 SDK, 2018 Sprint 19 SDK, 2018 Sprint 20 SDK, 2018 Sprint 21, 2018 Sprint 22                                                                                                                                                                                   0       0     0         1
2018 Sprint 02 SDK                                                                                                                                                                                                                                                                                                                                                                                                                           3       0     7         4
2018 Sprint 03 SDK                                                                                                                                                                                                                                                                                                                                                                                                                           0       3     3         2
2018 Sprint 03 SDK, 2018 Sprint 06 SDK                                                                                                                                                                                                                                                                                                                                                                                                       0       0     0         1
2018 Sprint 04 SDK                                                                                                                                                                                                                                                                                                                                                                                                                           0       3     3        12
2018 Sprint 04 SDK, 2018 Sprint 06 SDK, 2018 Sprint 07 SDK, 2018 Sprint 08 SDK, 2018 Sprint 09 SDK, 2018 Sprint 10 SDK                                                                                                                                                                                                                                                                                                                       0       0     0         1
2018 Sprint 05 SDK                                                                                                                                                                                                                                                                                                                                                                                                                           0       2     7         0
2018 Sprint 05 SDK, 2018 Sprint 04 SDK                                                                                                                                                                                                                                                                                                                                                                                                       0       0     2         4
2018 Sprint 05 SDK, 2018 Sprint 04 SDK, 2018 Sprint 06 SDK                                                                                                                                                                                                                                                                                                                                                                                   0       0     0         2
2018 Sprint 05 SDK, 2018 Sprint 04 SDK, 2018 Sprint 06 SDK, 2018 Sprint 07 SDK, 2018 Sprint 08 SDK, 2018 Sprint 09 SDK                                                                                                                                                                                                                                                                                                                       0       0     0         1
2018 Sprint 05 SDK, 2018 Sprint 04 SDK, 2018 Sprint 06 SDK, 2018 Sprint 07 SDK, 2018 Sprint 08 SDK, 2018 Sprint 10 SDK                                                                                                                                                                                                                                                                                                                       0       0     0         1
2018 Sprint 05 SDK, 2018 Sprint 04 SDK, 2018 Sprint 06 SDK, 2018 Sprint 07 SDK, 2018 Sprint 08 SDK, 2018 Sprint 11 SDK                                                                                                                                                                                                                                                                                                                       0       0     0         2
2018 Sprint 05 SDK, 2018 Sprint 04 SDK, 2018 Sprint 06 SDK, 2018 Sprint 07 SDK, 2018 Sprint 08 SDK, 2018 Sprint 12 SDK                                                                                                                                                                                                                                                                                                                       0       0     0         1
2018 Sprint 05 SDK, 2018 Sprint 04 SDK, 2018 Sprint 06 SDK, 2018 Sprint 07 SDK, 2018 Sprint 08 SDK, 2018 Sprint 13 SDK                                                                                                                                                                                                                                                                                                                       0       0     0         1
2018 Sprint 05 SDK, 2018 Sprint 04 SDK, 2018 Sprint 06 SDK, 2018 Sprint 07 SDK, 2018 Sprint 08 SDK, 2018 Sprint 14 SDK                                                                                                                                                                                                                                                                                                                       0       0     0         1
2018 Sprint 05 SDK, 2018 Sprint 04 SDK, 2018 Sprint 06 SDK, 2018 Sprint 07 SDK, 2018 Sprint 08 SDK, 2018 Sprint 15 SDK                                                                                                                                                                                                                                                                                                                       0       0     0         1
2018 Sprint 05 SDK, 2018 Sprint 04 SDK, 2018 Sprint 06 SDK, 2018 Sprint 07 SDK, 2018 Sprint 08 SDK, 2018 Sprint 15 SDK, 2016 Sprint 17 SDK, 2018 Sprint 18 SDK                                                                                                                                                                                                                                                                               0       0     0         2
2018 Sprint 05 SDK, 2018 Sprint 04 SDK, 2018 Sprint 06 SDK, 2018 Sprint 07 SDK, 2018 Sprint 08 SDK, 2018 Sprint 15 SDK, 2016 Sprint 17 SDK, 2018 Sprint 18 SDK, 2018 Sprint 19 SDK                                                                                                                                                                                                                                                           0       0     0         1
2018 Sprint 05 SDK, 2018 Sprint 04 SDK, 2018 Sprint 06 SDK, 2018 Sprint 07 SDK, 2018 Sprint 08 SDK, 2018 Sprint 15 SDK, 2016 Sprint 17 SDK, 2018 Sprint 18 SDK, 2018 Sprint 19 SDK, 2018 Sprint 20 SDK                                                                                                                                                                                                                                       0       0     0         2
2018 Sprint 05 SDK, 2018 Sprint 04 SDK, 2018 Sprint 06 SDK, 2018 Sprint 07 SDK, 2018 Sprint 08 SDK, 2018 Sprint 15 SDK, 2016 Sprint 17 SDK, 2018 Sprint 18 SDK, 2018 Sprint 19 SDK, 2018 Sprint 20 SDK, 2018 Sprint 21, 2018 Sprint 22, 2018 Sprint 24                                                                                                                                                                                       0       0     0         1
2018 Sprint 05 SDK, 2018 Sprint 04 SDK, 2018 Sprint 06 SDK, 2018 Sprint 07 SDK, 2018 Sprint 08 SDK, 2018 Sprint 15 SDK, 2016 Sprint 17 SDK, 2018 Sprint 18 SDK, 2018 Sprint 19 SDK, 2018 Sprint 20 SDK, 2018 Sprint 21, 2018 Sprint 24                                                                                                                                                                                                       0       0     0         1
2018 Sprint 05 SDK, 2018 Sprint 06 SDK                                                                                                                                                                                                                                                                                                                                                                                                       0       0     1         0
2018 Sprint 05 SDK, 2018 Sprint 06 SDK, 2018 Sprint 07 SDK, 2018 Sprint 08 SDK, 2018 Sprint 09 SDK                                                                                                                                                                                                                                                                                                                                           0       0     1         0
2018 Sprint 06 SDK                                                                                                                                                                                                                                                                                                                                                                                                                           0       8    18        11
2018 Sprint 06 SDK, 2018 Sprint 07 SDK                                                                                                                                                                                                                                                                                                                                                                                                       0       0     4         4
2018 Sprint 06 SDK, 2018 Sprint 07 SDK, 2018 Sprint 08 SDK                                                                                                                                                                                                                                                                                                                                                                                   0       0     3         3
2018 Sprint 06 SDK, 2018 Sprint 07 SDK, 2018 Sprint 08 SDK, 2018 Sprint 09 SDK                                                                                                                                                                                                                                                                                                                                                               0       0     1         5
2018 Sprint 06 SDK, 2018 Sprint 07 SDK, 2018 Sprint 08 SDK, 2018 Sprint 09 SDK, 2018 Sprint 10 SDK                                                                                                                                                                                                                                                                                                                                           0       0     2         5
2018 Sprint 06 SDK, 2018 Sprint 07 SDK, 2018 Sprint 08 SDK, 2018 Sprint 09 SDK, 2018 Sprint 10 SDK, 2018 Sprint 11 SDK, 2018 Sprint 12 SDK, 2018 Sprint 13 SDK, 2018 Sprint 14 SDK, 2018 Sprint 15 SDK, 2018 Sprint 16 SDK                                                                                                                                                                                                                   0       0     0         1
2018 Sprint 06 SDK, 2018 Sprint 07 SDK, 2018 Sprint 08 SDK, 2018 Sprint 09 SDK, 2018 Sprint 10 SDK, 2018 Sprint 11 SDK, 2018 Sprint 12 SDK, 2018 Sprint 13 SDK, 2018 Sprint 14 SDK, 2018 Sprint 15 SDK, 2018 Sprint 16 SDK, 2016 Sprint 17 SDK, 2018 Sprint 18 SDK, 2018 Sprint 19 SDK                                                                                                                                                       0       0     0         1
2018 Sprint 06 SDK, 2018 Sprint 07 SDK, 2018 Sprint 08 SDK, 2018 Sprint 09 SDK, 2018 Sprint 10 SDK, 2018 Sprint 11 SDK, 2018 Sprint 12 SDK, 2018 Sprint 13 SDK, 2018 Sprint 14 SDK, 2018 Sprint 15 SDK, 2018 Sprint 16 SDK, 2016 Sprint 17 SDK, 2018 Sprint 18 SDK, 2018 Sprint 19 SDK, 2018 Sprint 20 SDK, 2018 Sprint 21, 2018 Sprint 22, 2018 Sprint 23, 2018 Sprint 24, 2018 Sprint 25, 2018 Sprint 26, 2019 Sprint 1, 2019 Sprint 2     0       0     0         1
2018 Sprint 06 SDK, 2018 Sprint 07 SDK, 2018 Sprint 08 SDK, 2018 Sprint 12 SDK                                                                                                                                                                                                                                                                                                                                                               0       0     0         1
2018 Sprint 06 SDK, 2018 Sprint 07 SDK, 2018 Sprint 08 SDK, 2018 Sprint 14 SDK                                                                                                                                                                                                                                                                                                                                                               0       0     0         1
2018 Sprint 06 SDK, 2018 Sprint 07 SDK, 2018 Sprint 08 SDK, 2018 Sprint 15 SDK, 2016 Sprint 17 SDK, 2018 Sprint 18 SDK, 2018 Sprint 19 SDK, 2018 Sprint 20 SDK                                                                                                                                                                                                                                                                               0       0     0         2
2018 Sprint 06 SDK, 2018 Sprint 07 SDK, 2018 Sprint 08 SDK, 2018 Sprint 15 SDK, 2018 Sprint 16 SDK                                                                                                                                                                                                                                                                                                                                           0       0     0         1
2018 Sprint 07 SDK                                                                                                                                                                                                                                                                                                                                                                                                                           0      10     6         5
2018 Sprint 07 SDK, 2018 Sprint 08 SDK                                                                                                                                                                                                                                                                                                                                                                                                       0       0     2         1
2018 Sprint 07 SDK, 2018 Sprint 08 SDK, 2018 Sprint 09 SDK                                                                                                                                                                                                                                                                                                                                                                                   0       0     1         0
2018 Sprint 07 SDK, 2018 Sprint 08 SDK, 2018 Sprint 10 SDK                                                                                                                                                                                                                                                                                                                                                                                   0       0     1         0
2018 Sprint 07 SDK, 2018 Sprint 08 SDK, 2018 Sprint 11 SDK                                                                                                                                                                                                                                                                                                                                                                                   0       0     0         2
2018 Sprint 07 SDK, 2018 Sprint 08 SDK, 2018 Sprint 14 SDK                                                                                                                                                                                                                                                                                                                                                                                   0       0     0         1
2018 Sprint 07 SDK, 2018 Sprint 08 SDK, 2018 Sprint 15 SDK                                                                                                                                                                                                                                                                                                                                                                                   0       0     0         1
2018 Sprint 07 SDK, 2018 Sprint 08 SDK, 2018 Sprint 15 SDK, 2016 Sprint 17 SDK, 2018 Sprint 18 SDK, 2018 Sprint 19 SDK, 2018 Sprint 20 SDK                                                                                                                                                                                                                                                                                                   0       0     0         1
2018 Sprint 08 SDK                                                                                                                                                                                                                                                                                                                                                                                                                           0      15     0         3
2018 Sprint 08 SDK, 2018 Sprint 09 SDK, 2018 Sprint 10 SDK, 2018 Sprint 11 SDK                                                                                                                                                                                                                                                                                                                                                               0       0     0         1
2018 Sprint 08 SDK, 2018 Sprint 09 SDK, 2018 Sprint 10 SDK, 2018 Sprint 11 SDK, 2018 Sprint 12 SDK                                                                                                                                                                                                                                                                                                                                           0       0     0         2
2018 Sprint 08 SDK, 2018 Sprint 09 SDK, 2018 Sprint 10 SDK, 2018 Sprint 11 SDK, 2018 Sprint 12 SDK, 2018 Sprint 13 SDK, 2018 Sprint 14 SDK, 2018 Sprint 15 SDK                                                                                                                                                                                                                                                                               0       0     0         1
2018 Sprint 08 SDK, 2018 Sprint 09 SDK, 2018 Sprint 10 SDK, 2018 Sprint 11 SDK, 2018 Sprint 12 SDK, 2018 Sprint 13 SDK, 2018 Sprint 14 SDK, 2018 Sprint 15 SDK, 2018 Sprint 16 SDK                                                                                                                                                                                                                                                           0       0     0         1
2018 Sprint 08 SDK, 2018 Sprint 09 SDK, 2018 Sprint 10 SDK, 2018 Sprint 11 SDK, 2018 Sprint 12 SDK, 2018 Sprint 13 SDK, 2018 Sprint 14 SDK, 2018 Sprint 15 SDK, 2018 Sprint 16 SDK, 2016 Sprint 17 SDK                                                                                                                                                                                                                                       0       0     0         1
2018 Sprint 08 SDK, 2018 Sprint 09 SDK, 2018 Sprint 10 SDK, 2018 Sprint 11 SDK, 2018 Sprint 12 SDK, 2018 Sprint 13 SDK, 2018 Sprint 14 SDK, 2018 Sprint 15 SDK, 2018 Sprint 16 SDK, 2016 Sprint 17 SDK, 2018 Sprint 18 SDK, 2018 Sprint 19 SDK                                                                                                                                                                                               0       0     0         1
2018 Sprint 08 SDK, 2018 Sprint 09 SDK, 2018 Sprint 10 SDK, 2018 Sprint 11 SDK, 2018 Sprint 12 SDK, 2018 Sprint 13 SDK, 2018 Sprint 14 SDK, 2018 Sprint 15 SDK, 2018 Sprint 16 SDK, 2016 Sprint 17 SDK, 2018 Sprint 18 SDK, 2018 Sprint 19 SDK, 2018 Sprint 20 SDK, 2018 Sprint 21                                                                                                                                                           0       0     0         1
2018 Sprint 08 SDK, 2018 Sprint 09 SDK, 2018 Sprint 10 SDK, 2018 Sprint 11 SDK, 2018 Sprint 12 SDK, 2018 Sprint 13 SDK, 2018 Sprint 14 SDK, 2018 Sprint 15 SDK, 2018 Sprint 16 SDK, 2016 Sprint 17 SDK, 2018 Sprint 18 SDK, 2018 Sprint 19 SDK, 2018 Sprint 20 SDK, 2018 Sprint 21, 2018 Sprint 22, 2018 Sprint 23                                                                                                                           0       0     0         1
2018 Sprint 09 SDK                                                                                                                                                                                                                                                                                                                                                                                                                           0       5     1         2
2018 Sprint 09 SDK, 2018 Sprint 10 SDK                                                                                                                                                                                                                                                                                                                                                                                                       0       2     0         2
2018 Sprint 09 SDK, 2018 Sprint 10 SDK, 2018 Sprint 11 SDK                                                                                                                                                                                                                                                                                                                                                                                   0       0     2         0
2018 Sprint 09 SDK, 2018 Sprint 10 SDK, 2018 Sprint 11 SDK, 2018 Sprint 12 SDK                                                                                                                                                                                                                                                                                                                                                               0       0     1         1
2018 Sprint 09 SDK, 2018 Sprint 10 SDK, 2018 Sprint 11 SDK, 2018 Sprint 12 SDK, 2018 Sprint 13 SDK, 2018 Sprint 14 SDK                                                                                                                                                                                                                                                                                                                       0       0     0         1
2018 Sprint 09 SDK, 2018 Sprint 10 SDK, 2018 Sprint 11 SDK, 2018 Sprint 12 SDK, 2018 Sprint 13 SDK, 2018 Sprint 14 SDK, 2018 Sprint 15 SDK                                                                                                                                                                                                                                                                                                   0       0     0         1
2018 Sprint 09 SDK, 2018 Sprint 10 SDK, 2018 Sprint 11 SDK, 2018 Sprint 12 SDK, 2018 Sprint 13 SDK, 2018 Sprint 14 SDK, 2018 Sprint 15 SDK, 2018 Sprint 16 SDK, 2016 Sprint 17 SDK, 2018 Sprint 18 SDK                                                                                                                                                                                                                                       0       0     0         1
2018 Sprint 09 SDK, 2018 Sprint 10 SDK, 2018 Sprint 11 SDK, 2018 Sprint 12 SDK, 2018 Sprint 13 SDK, 2018 Sprint 14 SDK, 2018 Sprint 15 SDK, 2018 Sprint 16 SDK, 2016 Sprint 17 SDK, 2018 Sprint 18 SDK, 2018 Sprint 19 SDK                                                                                                                                                                                                                   0       0     0         1
2018 Sprint 09 SDK, 2018 Sprint 10 SDK, 2018 Sprint 11 SDK, 2018 Sprint 12 SDK, 2018 Sprint 13 SDK, 2018 Sprint 14 SDK, 2018 Sprint 15 SDK, 2018 Sprint 16 SDK, 2016 Sprint 17 SDK, 2018 Sprint 18 SDK, 2018 Sprint 19 SDK, 2018 Sprint 20 SDK, 2018 Sprint 21                                                                                                                                                                               0       0     0         1
2018 Sprint 10 SDK                                                                                                                                                                                                                                                                                                                                                                                                                           0      12     5         3
2018 Sprint 10 SDK, 2018 Sprint 11 SDK                                                                                                                                                                                                                                                                                                                                                                                                       0       1     2         0
2018 Sprint 11 SDK                                                                                                                                                                                                                                                                                                                                                                                                                           0      12     6         8
2018 Sprint 11 SDK, 2018 Sprint 12 SDK                                                                                                                                                                                                                                                                                                                                                                                                       0       0     0         2
2018 Sprint 11 SDK, 2018 Sprint 12 SDK, 2018 Sprint 13 SDK, 2018 Sprint 14 SDK, 2018 Sprint 15 SDK                                                                                                                                                                                                                                                                                                                                           0       0     0         2
2018 Sprint 11 SDK, 2018 Sprint 12 SDK, 2018 Sprint 13 SDK, 2018 Sprint 14 SDK, 2018 Sprint 15 SDK, 2018 Sprint 16 SDK, 2016 Sprint 17 SDK, 2018 Sprint 18 SDK, 2018 Sprint 19 SDK                                                                                                                                                                                                                                                           0       0     0         1
2018 Sprint 11 SDK, 2019 Sprint 26                                                                                                                                                                                                                                                                                                                                                                                                           0       0     0         1
2018 Sprint 12 SDK                                                                                                                                                                                                                                                                                                                                                                                                                           0       6     7         6
2018 Sprint 12 SDK, 2018 Sprint 13 SDK                                                                                                                                                                                                                                                                                                                                                                                                       0       0     0         1
2018 Sprint 12 SDK, 2018 Sprint 13 SDK, 2018 Sprint 14 SDK                                                                                                                                                                                                                                                                                                                                                                                   0       0     0         2
2018 Sprint 12 SDK, 2018 Sprint 13 SDK, 2018 Sprint 14 SDK, 2018 Sprint 15 SDK                                                                                                                                                                                                                                                                                                                                                               0       0     0         1
2018 Sprint 12 SDK, 2018 Sprint 13 SDK, 2018 Sprint 14 SDK, 2018 Sprint 15 SDK, 2018 Sprint 16 SDK                                                                                                                                                                                                                                                                                                                                           0       0     0         1
2018 Sprint 12 SDK, 2018 Sprint 13 SDK, 2018 Sprint 14 SDK, 2018 Sprint 15 SDK, 2018 Sprint 16 SDK, 2016 Sprint 17 SDK, 2018 Sprint 18 SDK                                                                                                                                                                                                                                                                                                   0       0     0         3
2018 Sprint 12 SDK, 2018 Sprint 13 SDK, 2018 Sprint 14 SDK, 2018 Sprint 15 SDK, 2018 Sprint 16 SDK, 2016 Sprint 17 SDK, 2018 Sprint 18 SDK, 2018 Sprint 19 SDK, 2018 Sprint 20 SDK, 2018 Sprint 21, 2018 Sprint 22, 2018 Sprint 23                                                                                                                                                                                                           0       0     0         1
2018 Sprint 12 Tooling                                                                                                                                                                                                                                                                                                                                                                                                                       6       0     0         0
2018 Sprint 13 SDK                                                                                                                                                                                                                                                                                                                                                                                                                           6       6     4         5
2018 Sprint 13 SDK, 2018 Sprint 14 SDK                                                                                                                                                                                                                                                                                                                                                                                                       0       0     0         1
2018 Sprint 13 SDK, 2018 Sprint 14 SDK, 2018 Sprint 15 SDK                                                                                                                                                                                                                                                                                                                                                                                   0       0     1         0
2018 Sprint 13 SDK, 2018 Sprint 14 SDK, 2018 Sprint 15 SDK, 2018 Sprint 16 SDK                                                                                                                                                                                                                                                                                                                                                               0       0     0         1
2018 Sprint 13 SDK, 2018 Sprint 14 SDK, 2018 Sprint 15 SDK, 2018 Sprint 16 SDK, 2016 Sprint 17 SDK, 2018 Sprint 18 SDK                                                                                                                                                                                                                                                                                                                       0       0     0         1
2018 Sprint 14 SDK                                                                                                                                                                                                                                                                                                                                                                                                                           0       8     1         0
2018 Sprint 15 SDK                                                                                                                                                                                                                                                                                                                                                                                                                           0       6     8         5
2018 Sprint 15 SDK, 2016 Sprint 17 SDK                                                                                                                                                                                                                                                                                                                                                                                                       0       0     0         1
2018 Sprint 15 SDK, 2016 Sprint 17 SDK, 2018 Sprint 18 SDK                                                                                                                                                                                                                                                                                                                                                                                   0       0     2         0
2018 Sprint 15 SDK, 2016 Sprint 17 SDK, 2018 Sprint 18 SDK, 2018 Sprint 19 SDK                                                                                                                                                                                                                                                                                                                                                               0       0     0         4
2018 Sprint 15 SDK, 2016 Sprint 17 SDK, 2018 Sprint 18 SDK, 2018 Sprint 19 SDK, 2018 Sprint 20 SDK                                                                                                                                                                                                                                                                                                                                           0       0     0         1
2018 Sprint 15 SDK, 2016 Sprint 17 SDK, 2018 Sprint 18 SDK, 2018 Sprint 19 SDK, 2018 Sprint 20 SDK, 2018 Sprint 21, 2018 Sprint 22                                                                                                                                                                                                                                                                                                           0       0     0         1
2018 Sprint 15 SDK, 2016 Sprint 17 SDK, 2018 Sprint 18 SDK, 2018 Sprint 19 SDK, 2018 Sprint 20 SDK, 2018 Sprint 21, 2018 Sprint 22, 2018 Sprint 23                                                                                                                                                                                                                                                                                           0       0     0         1
2018 Sprint 15 SDK, 2018 Sprint 16 SDK                                                                                                                                                                                                                                                                                                                                                                                                       0       0     2         2
2018 Sprint 15 SDK, 2018 Sprint 16 SDK, 2016 Sprint 17 SDK, 2018 Sprint 18 SDK                                                                                                                                                                                                                                                                                                                                                               0       0     2         1
2018 Sprint 15 SDK, 2018 Sprint 16 SDK, 2016 Sprint 17 SDK, 2018 Sprint 18 SDK, 2018 Sprint 19 SDK, 2018 Sprint 20 SDK                                                                                                                                                                                                                                                                                                                       0       0     0         1
2018 Sprint 15 SDK, 2018 Sprint 16 SDK, 2016 Sprint 17 SDK, 2018 Sprint 18 SDK, 2018 Sprint 19 SDK, 2018 Sprint 20 SDK, 2018 Sprint 21, 2018 Sprint 22, 2018 Sprint 23                                                                                                                                                                                                                                                                       0       0     0         1
2018 Sprint 15 SDK, 2018 Sprint 16 SDK, 2016 Sprint 17 SDK, 2018 Sprint 18 SDK, 2018 Sprint 19 SDK, 2018 Sprint 20 SDK, 2018 Sprint 21, 2018 Sprint 22, 2018 Sprint 23, 2018 Sprint 24                                                                                                                                                                                                                                                       0       0     0         1
2018 Sprint 15 SDK, 2018 Sprint 16 SDK, 2016 Sprint 17 SDK, 2018 Sprint 18 SDK, 2018 Sprint 19 SDK, 2018 Sprint 20 SDK, 2018 Sprint 21, 2018 Sprint 22, 2018 Sprint 23, 2018 Sprint 24, 2018 Sprint 25, 2018 Sprint 26, 2019 Sprint 1, 2019 Sprint 2                                                                                                                                                                                         0       0     0         1
2018 Sprint 15 SDK, 2018 Sprint 16 SDK, 2016 Sprint 17 SDK, 2018 Sprint 18 SDK, 2018 Sprint 19 SDK, 2018 Sprint 20 SDK, 2018 Sprint 21, 2018 Sprint 22, 2018 Sprint 23, 2018 Sprint 24, 2018 Sprint 25, 2018 Sprint 26, 2019 Sprint 1, 2019 Sprint 2, 2019 Sprint 3, 2019 Sprint 4, 2019 Sprint 5, 2019 Sprint 6, 2019 Sprint 7                                                                                                              0       0     0         1
2018 Sprint 15 SDK, 2018 Sprint 19 SDK                                                                                                                                                                                                                                                                                                                                                                                                       0       0     0         1
2018 Sprint 16 SDK                                                                                                                                                                                                                                                                                                                                                                                                                           0       0     4         5
2018 Sprint 16 SDK, 2016 Sprint 17 SDK                                                                                                                                                                                                                                                                                                                                                                                                       0       0     0         2
2018 Sprint 16 SDK, 2016 Sprint 17 SDK, 2018 Sprint 18 SDK                                                                                                                                                                                                                                                                                                                                                                                   0       0     0         2
2018 Sprint 16 SDK, 2016 Sprint 17 SDK, 2018 Sprint 18 SDK, 2018 Sprint 19 SDK, 2018 Sprint 20 SDK, 2018 Sprint 21                                                                                                                                                                                                                                                                                                                           0       0     0         1
2018 Sprint 16 SDK, 2016 Sprint 17 SDK, 2018 Sprint 18 SDK, 2018 Sprint 19 SDK, 2018 Sprint 20 SDK, 2018 Sprint 21, 2018 Sprint 22                                                                                                                                                                                                                                                                                                           0       0     0         1
2018 Sprint 16 SDK, 2016 Sprint 17 SDK, 2018 Sprint 18 SDK, 2018 Sprint 19 SDK, 2018 Sprint 20 SDK, 2018 Sprint 21, 2018 Sprint 22, 2018 Sprint 23, 2018 Sprint 24, 2018 Sprint 25                                                                                                                                                                                                                                                           0       0     0         2
2018 Sprint 16 SDK, 2016 Sprint 17 SDK, 2018 Sprint 18 SDK, 2018 Sprint 19 SDK, 2018 Sprint 20 SDK, 2018 Sprint 21, 2018 Sprint 22, 2018 Sprint 23, 2018 Sprint 24, 2018 Sprint 25, 2018 Sprint 26, 2019 Sprint 1, 2019 Sprint 2, 2019 Sprint 3, 2019 Sprint 4, 2019 Sprint 5                                                                                                                                                                0       0     0         1
2018 Sprint 18 SDK                                                                                                                                                                                                                                                                                                                                                                                                                           2       3     0         0
2018 Sprint 19 SDK                                                                                                                                                                                                                                                                                                                                                                                                                           0       0    11         1
2018 Sprint 19 SDK, 2018 Sprint 20 SDK                                                                                                                                                                                                                                                                                                                                                                                                       0       0     5         0
2018 Sprint 19 SDK, 2018 Sprint 20 SDK, 2018 Sprint 21                                                                                                                                                                                                                                                                                                                                                                                       0       0     5         0
2018 Sprint 20 SDK                                                                                                                                                                                                                                                                                                                                                                                                                           5      10     3         2
2018 Sprint 20 SDK, 2018 Sprint 21                                                                                                                                                                                                                                                                                                                                                                                                           0       2     1         1
2018 Sprint 20 SDK, 2018 Sprint 21, 2018 Sprint 25                                                                                                                                                                                                                                                                                                                                                                                           0       0     0         1
2018 Sprint 21                                                                                                                                                                                                                                                                                                                                                                                                                               3       6     0         2
2018 Sprint 22                                                                                                                                                                                                                                                                                                                                                                                                                               6       3     6         0
2018 Sprint 22, 2018 Sprint 23                                                                                                                                                                                                                                                                                                                                                                                                               0       1     1         0
2018 Sprint 22, 2018 Sprint 24                                                                                                                                                                                                                                                                                                                                                                                                               0       0     2         0
2018 Sprint 23                                                                                                                                                                                                                                                                                                                                                                                                                               0      21     2         4
2018 Sprint 23, 2018 Sprint 24                                                                                                                                                                                                                                                                                                                                                                                                               0       1     0         1
2018 Sprint 24                                                                                                                                                                                                                                                                                                                                                                                                                               0       3     1         2
2018 Sprint 24, 2019 Sprint 16                                                                                                                                                                                                                                                                                                                                                                                                               0       0     0         2
2018 Sprint 25                                                                                                                                                                                                                                                                                                                                                                                                                               0       9     0         2
2018 Sprint 25, 2018 Sprint 26                                                                                                                                                                                                                                                                                                                                                                                                               0       8     0         1
2018 Sprint 25, 2018 Sprint 26, 2019 Sprint 1, 2019 Sprint 2                                                                                                                                                                                                                                                                                                                                                                                 0       0     0         1
2018 Sprint 25, 2018 Sprint 26, 2019 Sprint 1, 2019 Sprint 3                                                                                                                                                                                                                                                                                                                                                                                 0       0     0         1
2018 Sprint 26                                                                                                                                                                                                                                                                                                                                                                                                                               0       8     5         0
2018 Sprint 26, 2019 Sprint 1                                                                                                                                                                                                                                                                                                                                                                                                                0       0     1         0
2018 Sprint 26, 2019 Sprint 1, 2019 Sprint 2                                                                                                                                                                                                                                                                                                                                                                                                 0       0     1         1
2018 Sprint 26, 2019 Sprint 1, 2019 Sprint 2, 2019 Sprint 3, 2019 Sprint 4, 2019 Sprint 5, 2019 Sprint 6, 2019 Sprint 7, 2019 Sprint 8, 2019 Sprint 9, 2019 Sprint 10, 2019 Sprint 11                                                                                                                                                                                                                                                        0       0     0         1
2018 Sprint 26, 2019 Sprint 1, 2019 Sprint 2, 2019 Sprint 3, 2019 Sprint 4, 2019 Sprint 5, 2019 Sprint 6, 2019 Sprint 7, 2019 Sprint 8, 2019 Sprint 9, 2019 Sprint 10, 2019 Sprint 11, 2019 Sprint 12, 2019 Sprint 13, 2019 Sprint 14, 2019 Sprint 15, 2019 Sprint 16, 2019 Sprint 17, 2019 Sprint 18, 2019 Sprint 19, 2019 Sprint 20                                                                                                        0       0     0         1
2018 Sprint 26, 2019 Sprint 1, 2019 Sprint 3, 2019 Sprint 4                                                                                                                                                                                                                                                                                                                                                                                  0       0     1         0
2019 Sprint 1                                                                                                                                                                                                                                                                                                                                                                                                                                0       0     3         2
2019 Sprint 1, 2019 Sprint 2                                                                                                                                                                                                                                                                                                                                                                                                                 0       0     2         1
2019 Sprint 1, 2019 Sprint 2, 2019 Sprint 3                                                                                                                                                                                                                                                                                                                                                                                                  0       0     0         1
2019 Sprint 1, 2019 Sprint 2, 2019 Sprint 3, 2019 Sprint 4, 2019 Sprint 5, 2019 Sprint 6, 2019 Sprint 7                                                                                                                                                                                                                                                                                                                                      0       0     0         1
2019 Sprint 1, 2019 Sprint 3, 2019 Sprint 4                                                                                                                                                                                                                                                                                                                                                                                                  0       0     2         1
2019 Sprint 1, 2019 Sprint 3, 2019 Sprint 5, 2019 Sprint 6                                                                                                                                                                                                                                                                                                                                                                                   0       0     0         1
2019 Sprint 10                                                                                                                                                                                                                                                                                                                                                                                                                               0       0     5         2
2019 Sprint 10, 2019 Sprint 11                                                                                                                                                                                                                                                                                                                                                                                                               0       0     1         1
2019 Sprint 11                                                                                                                                                                                                                                                                                                                                                                                                                               0       6    10         0
2019 Sprint 11, 2019 Sprint 12                                                                                                                                                                                                                                                                                                                                                                                                               0       0     1         0
2019 Sprint 11, 2019 Sprint 12, 2019 Sprint 13                                                                                                                                                                                                                                                                                                                                                                                               0       0     0         1
2019 Sprint 11, 2019 Sprint 12, 2019 Sprint 13, 2019 Sprint 14                                                                                                                                                                                                                                                                                                                                                                               0       0     0         1
2019 Sprint 11, 2019 Sprint 12, 2019 Sprint 13, 2019 Sprint 14, 2019 Sprint 15, 2019 Sprint 16, 2019 Sprint 17, 2019 Sprint 18, 2019 Sprint 19, 2019 Sprint 20, 2019 Sprint 21, 2019 Sprint 22, 2019 Sprint 23, 2019 Sprint 24                                                                                                                                                                                                               0       0     0         1
2019 Sprint 11, 2019 Sprint 12, 2019 Sprint 13, 2019 Sprint 14, 2019 Sprint 15, 2019 Sprint 16, 2019 Sprint 17, 2019 Sprint 18, 2019 Sprint 19, 2019 Sprint 20, 2019 Sprint 21, 2019 Sprint 22, 2019 Sprint 23, 2019 Sprint 24, 2020 Sprint 8, 2020 Sprint 9, 2020 Sprint 10, 2020 Sprint 11, 2020 Sprint 12, 2020 Sprint 13                                                                                                                 0       0     0         1
2019 Sprint 11, 2019 Sprint 12, 2019 Sprint 13, 2019 Sprint 14, 2019 Sprint 15, 2019 Sprint 16, 2019 Sprint 17, 2019 Sprint 18, 2019 Sprint 19, 2019 Sprint 20, 2019 Sprint 21, 2019 Sprint 22, 2019 Sprint 23, 2019 Sprint 24, 2020 Sprint 8, 2020 Sprint 9, 2020 Sprint 10, 2020 Sprint 11, 2020 Sprint 12, 2020 Sprint 13, 2020 Sprint 14                                                                                                 0       0     0         1
2019 Sprint 11, 2019 Sprint 12, 2019 Sprint 13, 2019 Sprint 14, 2019 Sprint 16, 2019 Sprint 18                                                                                                                                                                                                                                                                                                                                               0       0     0         1
2019 Sprint 11, 2019 Sprint 12, 2019 Sprint 13, 2019 Sprint 14, 2019 Sprint 16, 2019 Sprint 22                                                                                                                                                                                                                                                                                                                                               0       0     0         1
2019 Sprint 12                                                                                                                                                                                                                                                                                                                                                                                                                               4       0     2         0
2019 Sprint 13                                                                                                                                                                                                                                                                                                                                                                                                                               0       0     4         1
2019 Sprint 13, 2019 Sprint 14                                                                                                                                                                                                                                                                                                                                                                                                               0       0     1         1
2019 Sprint 13, 2019 Sprint 14, 2019 Sprint 15, 2019 Sprint 16                                                                                                                                                                                                                                                                                                                                                                               0       0     1         0
2019 Sprint 14                                                                                                                                                                                                                                                                                                                                                                                                                               0       0     0         1
2019 Sprint 14, 2019 Sprint 15, 2019 Sprint 16, 2019 Sprint 17, 2019 Sprint 18                                                                                                                                                                                                                                                                                                                                                               0       0     0         1
2019 Sprint 14, 2019 Sprint 15, 2019 Sprint 16, 2019 Sprint 17, 2019 Sprint 18, 2019 Sprint 19, 2019 Sprint 20, 2019 Sprint 21, 2019 Sprint 22, 2019 Sprint 23, 2019 Sprint 24                                                                                                                                                                                                                                                               0       0     0         1
2019 Sprint 14, 2019 Sprint 15, 2019 Sprint 16, 2019 Sprint 17, 2019 Sprint 18, 2019 Sprint 19, 2019 Sprint 20, 2019 Sprint 21, 2019 Sprint 22, 2019 Sprint 23, 2019 Sprint 24, 2019 Sprint 26, 2020 Sprint 10                                                                                                                                                                                                                               0       0     0         1
2019 Sprint 14, 2019 Sprint 15, 2019 Sprint 16, 2019 Sprint 17, 2019 Sprint 18, 2019 Sprint 19, 2019 Sprint 20, 2019 Sprint 21, 2019 Sprint 22, 2019 Sprint 23, 2019 Sprint 24, 2019 Sprint 26, 2020 Sprint 10, 2020 Sprint 11, 2020 Sprint 12, 2020 Sprint 13, 2020 Sprint 14, 2020 Sprint 15                                                                                                                                               0       0     0         1
2019 Sprint 15                                                                                                                                                                                                                                                                                                                                                                                                                               0       0     3         4
2019 Sprint 15, 2019 Sprint 16                                                                                                                                                                                                                                                                                                                                                                                                               0       0     1         0
2019 Sprint 15, 2019 Sprint 16, 2019 Sprint 17                                                                                                                                                                                                                                                                                                                                                                                               0       0     2         0
2019 Sprint 16                                                                                                                                                                                                                                                                                                                                                                                                                               0       4     1         2
2019 Sprint 16, 2019 Sprint 17                                                                                                                                                                                                                                                                                                                                                                                                               0       0     0         3
2019 Sprint 16, 2019 Sprint 17, 2019 Sprint 18                                                                                                                                                                                                                                                                                                                                                                                               0       0     0         1
2019 Sprint 16, 2019 Sprint 17, 2019 Sprint 18, 2019 Sprint 19, 2019 Sprint 20                                                                                                                                                                                                                                                                                                                                                               0       0     0         1
2019 Sprint 16, 2019 Sprint 21                                                                                                                                                                                                                                                                                                                                                                                                               0       0     0         1
2019 Sprint 16, 2019 Sprint 23, 2019 Sprint 24                                                                                                                                                                                                                                                                                                                                                                                               0       0     0         2
2019 Sprint 17                                                                                                                                                                                                                                                                                                                                                                                                                               2       3     6         7
2019 Sprint 17, 2019 Sprint 18                                                                                                                                                                                                                                                                                                                                                                                                               0       0     3         0
2019 Sprint 17, 2019 Sprint 18, 2019 Sprint 19                                                                                                                                                                                                                                                                                                                                                                                               0       0     2         1
2019 Sprint 17, 2019 Sprint 18, 2019 Sprint 19, 2019 Sprint 20, 2019 Sprint 21                                                                                                                                                                                                                                                                                                                                                               0       0     1         0
2019 Sprint 17, 2019 Sprint 18, 2019 Sprint 19, 2019 Sprint 20, 2019 Sprint 21, 2019 Sprint 22                                                                                                                                                                                                                                                                                                                                               0       0     0         1
2019 Sprint 17, 2019 Sprint 18, 2019 Sprint 19, 2019 Sprint 20, 2019 Sprint 21, 2019 Sprint 22, 2019 Sprint 23, 2019 Sprint 24, 2020 Sprint 1                                                                                                                                                                                                                                                                                                0       0     0         1
2019 Sprint 18                                                                                                                                                                                                                                                                                                                                                                                                                               4       7     4         5
2019 Sprint 18, 2019 Sprint 19, 2019 Sprint 20, 2019 Sprint 21                                                                                                                                                                                                                                                                                                                                                                               0       0     0         2
2019 Sprint 18, 2019 Sprint 19, 2019 Sprint 20, 2019 Sprint 21, 2019 Sprint 22                                                                                                                                                                                                                                                                                                                                                               0       0     0         1
2019 Sprint 18, 2019 Sprint 19, 2019 Sprint 20, 2019 Sprint 21, 2019 Sprint 22, 2019 Sprint 23, 2019 Sprint 24                                                                                                                                                                                                                                                                                                                               0       0     0         2
2019 Sprint 18, 2019 Sprint 19, 2019 Sprint 20, 2019 Sprint 21, 2019 Sprint 22, 2019 Sprint 23, 2019 Sprint 24, 2019 Sprint 25                                                                                                                                                                                                                                                                                                               0       0     0         1
2019 Sprint 19                                                                                                                                                                                                                                                                                                                                                                                                                               0       8     0         2
2019 Sprint 2                                                                                                                                                                                                                                                                                                                                                                                                                                0       0     5         0
2019 Sprint 2, 2019 Sprint 3                                                                                                                                                                                                                                                                                                                                                                                                                 0       0     2         0
2019 Sprint 2, 2019 Sprint 3, 2019 Sprint 4                                                                                                                                                                                                                                                                                                                                                                                                  0       0     1         0
2019 Sprint 2, 2019 Sprint 3, 2019 Sprint 4, 2019 Sprint 5                                                                                                                                                                                                                                                                                                                                                                                   0       0     2         0
2019 Sprint 20                                                                                                                                                                                                                                                                                                                                                                                                                               0       7     6         1
2019 Sprint 20, 2019 Sprint 21                                                                                                                                                                                                                                                                                                                                                                                                               0       0     2         1
2019 Sprint 20, 2019 Sprint 21, 2019 Sprint 22, 2019 Sprint 23                                                                                                                                                                                                                                                                                                                                                                               0       0     1         0
2019 Sprint 20, 2019 Sprint 21, 2019 Sprint 22, 2019 Sprint 23, 2019 Sprint 24                                                                                                                                                                                                                                                                                                                                                               0       0     1         0
2019 Sprint 21                                                                                                                                                                                                                                                                                                                                                                                                                               0       8     0         2
2019 Sprint 21, 2019 Sprint 22                                                                                                                                                                                                                                                                                                                                                                                                               0       2     0         1
2019 Sprint 21, 2019 Sprint 22, 2019 Sprint 23, 2019 Sprint 24, 2019 Sprint 25                                                                                                                                                                                                                                                                                                                                                               0       0     0         1
2019 Sprint 22                                                                                                                                                                                                                                                                                                                                                                                                                               0       5     2         7
2019 Sprint 22, 2019 Sprint 23                                                                                                                                                                                                                                                                                                                                                                                                               0       0     1         1
2019 Sprint 22, 2019 Sprint 23, 2019 Sprint 24                                                                                                                                                                                                                                                                                                                                                                                               0       0     1         3
2019 Sprint 23                                                                                                                                                                                                                                                                                                                                                                                                                               0       5     4         2
2019 Sprint 23, 2019 Sprint 24                                                                                                                                                                                                                                                                                                                                                                                                               0       3     0         1
2019 Sprint 23, 2019 Sprint 25, 2019 Sprint 26                                                                                                                                                                                                                                                                                                                                                                                               0       0     0         2
2019 Sprint 24                                                                                                                                                                                                                                                                                                                                                                                                                               0       7     1         1
2019 Sprint 25                                                                                                                                                                                                                                                                                                                                                                                                                               0       0     5         5
2019 Sprint 25, 2019 Sprint 26                                                                                                                                                                                                                                                                                                                                                                                                               0       0     0         1
2019 Sprint 26                                                                                                                                                                                                                                                                                                                                                                                                                               0       5     2        12
2019 Sprint 26, 2020 Sprint 1                                                                                                                                                                                                                                                                                                                                                                                                                0       0     1         0
2019 Sprint 26, 2020 Sprint 1, 2020 Sprint 2                                                                                                                                                                                                                                                                                                                                                                                                 0       0     1         0
2019 Sprint 26, 2020 Sprint 2                                                                                                                                                                                                                                                                                                                                                                                                                0       0     0         2
2019 Sprint 3                                                                                                                                                                                                                                                                                                                                                                                                                                0       3    12         2
2019 Sprint 3, 2019 Sprint 4                                                                                                                                                                                                                                                                                                                                                                                                                 0       1     2         1
2019 Sprint 3, 2019 Sprint 4, 2019 Sprint 5                                                                                                                                                                                                                                                                                                                                                                                                  0       0     2         0
2019 Sprint 3, 2019 Sprint 4, 2019 Sprint 5, 2019 Sprint 6                                                                                                                                                                                                                                                                                                                                                                                   0       0     2         1
2019 Sprint 3, 2019 Sprint 5                                                                                                                                                                                                                                                                                                                                                                                                                 0       0     0         1
2019 Sprint 3, 2019 Sprint 5, 2019 Sprint 7                                                                                                                                                                                                                                                                                                                                                                                                  0       0     0         1
2019 Sprint 3, 2019 Sprint 5, 2019 Sprint 7, 2019 Sprint 11, 2019 Sprint 12                                                                                                                                                                                                                                                                                                                                                                  0       0     0         1
2019 Sprint 3, 2019 Sprint 5, 2019 Sprint 7, 2019 Sprint 11, 2019 Sprint 12, 2019 Sprint 13, 2019 Sprint 14, 2019 Sprint 16, 2019 Sprint 20                                                                                                                                                                                                                                                                                                  0       0     0         1
2019 Sprint 3, 2019 Sprint 5, 2019 Sprint 7, 2019 Sprint 8                                                                                                                                                                                                                                                                                                                                                                                   0       0     0         1
2019 Sprint 4                                                                                                                                                                                                                                                                                                                                                                                                                                0       7     4         1
2019 Sprint 4, 2019 Sprint 5                                                                                                                                                                                                                                                                                                                                                                                                                 0       1     2         0
2019 Sprint 4, 2019 Sprint 5, 2019 Sprint 6                                                                                                                                                                                                                                                                                                                                                                                                  0       0     2         0
2019 Sprint 4, 2019 Sprint 5, 2019 Sprint 6, 2019 Sprint 7, 2019 Sprint 8                                                                                                                                                                                                                                                                                                                                                                    0       0     0         1
2019 Sprint 4, 2019 Sprint 5, 2019 Sprint 6, 2019 Sprint 7, 2019 Sprint 8, 2019 Sprint 9, 2019 Sprint 10, 2019 Sprint 11, 2019 Sprint 12, 2019 Sprint 13, 2019 Sprint 14                                                                                                                                                                                                                                                                     0       0     0         1
2019 Sprint 4, 2019 Sprint 5, 2019 Sprint 6, 2019 Sprint 7, 2019 Sprint 8, 2019 Sprint 9, 2019 Sprint 10, 2019 Sprint 11, 2019 Sprint 12, 2019 Sprint 13, 2019 Sprint 14, 2019 Sprint 15, 2019 Sprint 16, 2019 Sprint 17, 2019 Sprint 18, 2019 Sprint 19, 2019 Sprint 20, 2019 Sprint 21                                                                                                                                                     0       0     0         1
2019 Sprint 5                                                                                                                                                                                                                                                                                                                                                                                                                                3       4     2         2
2019 Sprint 5, 2019 Sprint 6                                                                                                                                                                                                                                                                                                                                                                                                                 0       0     1         1
2019 Sprint 5, 2019 Sprint 6, 2019 Sprint 7                                                                                                                                                                                                                                                                                                                                                                                                  0       0     0         1
2019 Sprint 5, 2019 Sprint 6, 2019 Sprint 7, 2019 Sprint 8                                                                                                                                                                                                                                                                                                                                                                                   0       0     1         1
2019 Sprint 5, 2019 Sprint 6, 2019 Sprint 7, 2019 Sprint 8, 2019 Sprint 9, 2019 Sprint 10                                                                                                                                                                                                                                                                                                                                                    0       0     0         1
2019 Sprint 5, 2019 Sprint 6, 2019 Sprint 7, 2019 Sprint 8, 2019 Sprint 9, 2019 Sprint 10, 2019 Sprint 11                                                                                                                                                                                                                                                                                                                                    0       0     0         1
2019 Sprint 5, 2019 Sprint 6, 2019 Sprint 7, 2019 Sprint 8, 2019 Sprint 9, 2019 Sprint 10, 2019 Sprint 11, 2019 Sprint 12                                                                                                                                                                                                                                                                                                                    0       0     0         1
2019 Sprint 5, 2019 Sprint 7                                                                                                                                                                                                                                                                                                                                                                                                                 0       0     0         2
2019 Sprint 6                                                                                                                                                                                                                                                                                                                                                                                                                                0       0     1         0
2019 Sprint 6, 2019 Sprint 7                                                                                                                                                                                                                                                                                                                                                                                                                 0       0     1         0
2019 Sprint 6, 2019 Sprint 7, 2019 Sprint 8                                                                                                                                                                                                                                                                                                                                                                                                  0       0     1         1
2019 Sprint 6, 2019 Sprint 7, 2019 Sprint 8, 2019 Sprint 9                                                                                                                                                                                                                                                                                                                                                                                   0       0     1         0
2019 Sprint 6, 2019 Sprint 7, 2019 Sprint 8, 2019 Sprint 9, 2019 Sprint 10, 2019 Sprint 11, 2019 Sprint 12, 2019 Sprint 13, 2019 Sprint 14, 2019 Sprint 15, 2019 Sprint 16                                                                                                                                                                                                                                                                   0       0     0         1
2019 Sprint 6, 2019 Sprint 7, 2019 Sprint 8, 2019 Sprint 9, 2019 Sprint 10, 2019 Sprint 11, 2019 Sprint 12, 2019 Sprint 13, 2019 Sprint 14, 2019 Sprint 15, 2019 Sprint 16, 2019 Sprint 17, 2019 Sprint 18, 2019 Sprint 19, 2019 Sprint 20, 2019 Sprint 21, 2019 Sprint 22, 2019 Sprint 23, 2019 Sprint 24                                                                                                                                   0       0     0         1
2019 Sprint 6, 2019 Sprint 7, 2019 Sprint 8, 2019 Sprint 9, 2019 Sprint 10, 2019 Sprint 11, 2019 Sprint 12, 2019 Sprint 13, 2019 Sprint 14, 2019 Sprint 15, 2019 Sprint 16, 2019 Sprint 17, 2019 Sprint 18, 2019 Sprint 19, 2019 Sprint 20, 2019 Sprint 21, 2019 Sprint 22, 2019 Sprint 23, 2019 Sprint 24, 2020 Sprint 6, 2020 Sprint 7                                                                                                     0       0     0         1
2019 Sprint 7                                                                                                                                                                                                                                                                                                                                                                                                                                0       4    12         1
2019 Sprint 7, 2019 Sprint 8                                                                                                                                                                                                                                                                                                                                                                                                                 0       0     1         0
2019 Sprint 7, 2019 Sprint 8, 2019 Sprint 9                                                                                                                                                                                                                                                                                                                                                                                                  0       0     1         0
2019 Sprint 8                                                                                                                                                                                                                                                                                                                                                                                                                                0       9     3         2
2019 Sprint 8, 2019 Sprint 9                                                                                                                                                                                                                                                                                                                                                                                                                 0       4     2         0
2019 Sprint 8, 2019 Sprint 9, 2019 Sprint 10                                                                                                                                                                                                                                                                                                                                                                                                 0       0     2         0
2019 Sprint 9                                                                                                                                                                                                                                                                                                                                                                                                                                3       7     0         0
2020 Sprint 1                                                                                                                                                                                                                                                                                                                                                                                                                                0       4     7         4
2020 Sprint 1, 2020 Sprint 2                                                                                                                                                                                                                                                                                                                                                                                                                 0       0     2         1
2020 Sprint 1, 2020 Sprint 2, 2020 Sprint 3                                                                                                                                                                                                                                                                                                                                                                                                  0       0     0         1
2020 Sprint 1, 2020 Sprint 2, 2020 Sprint 3, 2020 Sprint 9, 2020 Sprint 10, 2020 Sprint 11, 2020 Sprint 12                                                                                                                                                                                                                                                                                                                                   0       0     0         1
2020 Sprint 1, 2020 Sprint 2, 2020 Sprint 3, 2020 Sprint 9, 2020 Sprint 10, 2020 Sprint 11, 2020 Sprint 12, 2020 Sprint 13, 2020 Sprint 14, 2020 Sprint 15                                                                                                                                                                                                                                                                                   0       0     0         1
2020 Sprint 10                                                                                                                                                                                                                                                                                                                                                                                                                               2       0     8        11
2020 Sprint 10, 2020 Sprint 11                                                                                                                                                                                                                                                                                                                                                                                                               0       0     3         5
2020 Sprint 10, 2020 Sprint 11, 2020 Sprint 12                                                                                                                                                                                                                                                                                                                                                                                               0       0     0         1
2020 Sprint 10, 2020 Sprint 11, 2020 Sprint 12, 2020 Sprint 13                                                                                                                                                                                                                                                                                                                                                                               0       0     3         1
2020 Sprint 10, 2020 Sprint 11, 2020 Sprint 12, 2020 Sprint 13, 2020 Sprint 14, 2020 Sprint 15                                                                                                                                                                                                                                                                                                                                               0       0     0         2
2020 Sprint 10, 2020 Sprint 11, 2020 Sprint 12, 2020 Sprint 13, 2020 Sprint 14, 2020 Sprint 15, 2020 Sprint 16, 2020 Sprint 17, 2020 Sprint 18                                                                                                                                                                                                                                                                                               0       0     0         1
2020 Sprint 11                                                                                                                                                                                                                                                                                                                                                                                                                               0       9     1         3
2020 Sprint 11, 2020 Sprint 12                                                                                                                                                                                                                                                                                                                                                                                                               0       0     1         1
2020 Sprint 11, 2020 Sprint 12, 2020 Sprint 13                                                                                                                                                                                                                                                                                                                                                                                               0       0     1         1
2020 Sprint 11, 2020 Sprint 12, 2020 Sprint 13, 2020 Sprint 14                                                                                                                                                                                                                                                                                                                                                                               0       0     1         3
2020 Sprint 11, 2020 Sprint 12, 2020 Sprint 13, 2020 Sprint 14, 2020 Sprint 15, 2020 Sprint 16, 2020 Sprint 17                                                                                                                                                                                                                                                                                                                               0       0     0         1
2020 Sprint 11, 2020 Sprint 12, 2020 Sprint 13, 2020 Sprint 14, 2020 Sprint 15, 2020 Sprint 16, 2020 Sprint 17, 2020 Sprint 18, 2020 Sprint 19, 2020 Sprint 20                                                                                                                                                                                                                                                                               0       0     0         1
2020 Sprint 12                                                                                                                                                                                                                                                                                                                                                                                                                               0       6     2         0
2020 Sprint 12, 2020 Sprint 13                                                                                                                                                                                                                                                                                                                                                                                                               0       2     0         0
2020 Sprint 13                                                                                                                                                                                                                                                                                                                                                                                                                               0       1     4         7
2020 Sprint 13, 2020 Sprint 14                                                                                                                                                                                                                                                                                                                                                                                                               0       0     3         4
2020 Sprint 13, 2020 Sprint 14, 2020 Sprint 15                                                                                                                                                                                                                                                                                                                                                                                               0       0     1         2
2020 Sprint 13, 2020 Sprint 14, 2020 Sprint 15, 2020 Sprint 16, 2020 Sprint 17                                                                                                                                                                                                                                                                                                                                                               0       0     1         2
2020 Sprint 13, 2020 Sprint 14, 2020 Sprint 15, 2020 Sprint 16, 2020 Sprint 17, 2020 Sprint 18, 2020 Sprint 19, 2020 Sprint 20                                                                                                                                                                                                                                                                                                               0       0     0         1
2020 Sprint 14                                                                                                                                                                                                                                                                                                                                                                                                                               0       7     7         2
2020 Sprint 14, 2020 Sprint 15                                                                                                                                                                                                                                                                                                                                                                                                               0       1     1         2
2020 Sprint 14, 2020 Sprint 15, 2020 Sprint 16                                                                                                                                                                                                                                                                                                                                                                                               0       0     1         1
2020 Sprint 14, 2020 Sprint 15, 2020 Sprint 16, 2020 Sprint 17                                                                                                                                                                                                                                                                                                                                                                               0       0     0         1
2020 Sprint 15                                                                                                                                                                                                                                                                                                                                                                                                                               0       0     5         0
2020 Sprint 15, 2020 Sprint 16                                                                                                                                                                                                                                                                                                                                                                                                               0       0     2         0
2020 Sprint 15, 2020 Sprint 16, 2020 Sprint 17                                                                                                                                                                                                                                                                                                                                                                                               0       0     1         0
2020 Sprint 15, 2020 Sprint 16, 2020 Sprint 17, 2020 Sprint 18, 2020 Sprint 19                                                                                                                                                                                                                                                                                                                                                               0       0     1         0
2020 Sprint 16                                                                                                                                                                                                                                                                                                                                                                                                                               0       2     0         0
2020 Sprint 16, 2020 Sprint 17                                                                                                                                                                                                                                                                                                                                                                                                               0       1     0         0
2020 Sprint 17                                                                                                                                                                                                                                                                                                                                                                                                                               0       3     3         0
2020 Sprint 17, 2020 Sprint 18, 2020 Sprint 19                                                                                                                                                                                                                                                                                                                                                                                               0       0     1         0
2020 Sprint 18                                                                                                                                                                                                                                                                                                                                                                                                                               0       3     0         0
2020 Sprint 18, 2020 Sprint 19                                                                                                                                                                                                                                                                                                                                                                                                               0       1     0         0
2020 Sprint 18, 2020 Sprint 19, 2020 Sprint 20                                                                                                                                                                                                                                                                                                                                                                                               0       1     0         0
2020 Sprint 19                                                                                                                                                                                                                                                                                                                                                                                                                               0      10     0         0
2020 Sprint 19, 2020 Sprint 20                                                                                                                                                                                                                                                                                                                                                                                                               0       1     0         0
2020 Sprint 2                                                                                                                                                                                                                                                                                                                                                                                                                                0      17     0         2
2020 Sprint 2, 2020 Sprint 3                                                                                                                                                                                                                                                                                                                                                                                                                 0       0     0         1
2020 Sprint 2, 2020 Sprint 3, 2020 Sprint 9, 2020 Sprint 10, 2020 Sprint 11                                                                                                                                                                                                                                                                                                                                                                  0       0     0         1
2020 Sprint 21                                                                                                                                                                                                                                                                                                                                                                                                                               3       0     0         0
2020 Sprint 3                                                                                                                                                                                                                                                                                                                                                                                                                                0       0     0         1
2020 Sprint 3, 2020 Sprint 9                                                                                                                                                                                                                                                                                                                                                                                                                 0       0     0         1
2020 Sprint 3, 2020 Sprint 9, 2020 Sprint 10                                                                                                                                                                                                                                                                                                                                                                                                 0       0     0         1
2020 Sprint 4                                                                                                                                                                                                                                                                                                                                                                                                                                0       4     9        10
2020 Sprint 4, 2020 Sprint 5                                                                                                                                                                                                                                                                                                                                                                                                                 0       0     3         2
2020 Sprint 4, 2020 Sprint 5, 2020 Sprint 6                                                                                                                                                                                                                                                                                                                                                                                                  0       0     3         0
2020 Sprint 4, 2020 Sprint 5, 2020 Sprint 6, 2020 Sprint 7                                                                                                                                                                                                                                                                                                                                                                                   0       0     1         0
2020 Sprint 4, 2020 Sprint 5, 2020 Sprint 8                                                                                                                                                                                                                                                                                                                                                                                                  0       0     1         0
2020 Sprint 4, 2020 Sprint 6                                                                                                                                                                                                                                                                                                                                                                                                                 0       0     0         1
2020 Sprint 5                                                                                                                                                                                                                                                                                                                                                                                                                                0       3    15         0
2020 Sprint 5, 2020 Sprint 6                                                                                                                                                                                                                                                                                                                                                                                                                 0       1     6         0
2020 Sprint 5, 2020 Sprint 6, 2020 Sprint 7                                                                                                                                                                                                                                                                                                                                                                                                  0       0     0         1
2020 Sprint 6                                                                                                                                                                                                                                                                                                                                                                                                                                0       6     0         9
2020 Sprint 6, 2020 Sprint 18                                                                                                                                                                                                                                                                                                                                                                                                                0       0     0         1
2020 Sprint 6, 2020 Sprint 7                                                                                                                                                                                                                                                                                                                                                                                                                 0       4     0         0
2020 Sprint 7                                                                                                                                                                                                                                                                                                                                                                                                                                0       2     4         0
2020 Sprint 8                                                                                                                                                                                                                                                                                                                                                                                                                                0      10     0         1
2020 Sprint 8, 2020 Sprint 9                                                                                                                                                                                                                                                                                                                                                                                                                 0       0     2         1
2020 Sprint 8, 2020 Sprint 9, 2020 Sprint 10                                                                                                                                                                                                                                                                                                                                                                                                 0       0     0         1
2020 Sprint 8, 2020 Sprint 9, 2020 Sprint 10, 2020 Sprint 11                                                                                                                                                                                                                                                                                                                                                                                 0       0     4         1
2020 Sprint 8, 2020 Sprint 9, 2020 Sprint 10, 2020 Sprint 11, 2020 Sprint 12, 2020 Sprint 13, 2020 Sprint 14                                                                                                                                                                                                                                                                                                                                 0       0     0         1
2020 Sprint 8, 2020 Sprint 9, 2020 Sprint 10, 2020 Sprint 11, 2020 Sprint 12, 2020 Sprint 13, 2020 Sprint 14, 2020 Sprint 15, 2020 Sprint 16, 2020 Sprint 17                                                                                                                                                                                                                                                                                 0       0     0         1
2020 Sprint 9                                                                                                                                                                                                                                                                                                                                                                                                                                0       4     0        17
2020 Sprint 9, 2020 Sprint 10                                                                                                                                                                                                                                                                                                                                                                                                                0       0     0         1
2020 Sprint 9, 2020 Sprint 10, 2020 Sprint 11                                                                                                                                                                                                                                                                                                                                                                                                0       0     0         5
2020 Sprint 9, 2020 Sprint 10, 2020 Sprint 11, 2020 Sprint 12                                                                                                                                                                                                                                                                                                                                                                                0       0     0         1
2020 Sprint 9, 2020 Sprint 10, 2020 Sprint 11, 2020 Sprint 12, 2020 Sprint 13                                                                                                                                                                                                                                                                                                                                                                0       0     0         3
2020 Sprint 9, 2020 Sprint 10, 2020 Sprint 11, 2020 Sprint 12, 2020 Sprint 13, 2020 Sprint 14                                                                                                                                                                                                                                                                                                                                                0       0     0         5
2020 Sprint 9, 2020 Sprint 10, 2020 Sprint 11, 2020 Sprint 12, 2020 Sprint 13, 2020 Sprint 14, 2020 Sprint 15                                                                                                                                                                                                                                                                                                                                0       0     0         1
2020 Sprint 9, 2020 Sprint 10, 2020 Sprint 11, 2020 Sprint 12, 2020 Sprint 13, 2020 Sprint 14, 2020 Sprint 15, 2020 Sprint 16, 2020 Sprint 17                                                                                                                                                                                                                                                                                                0       0     0         1
3 New Musketeers!                                                                                                                                                                                                                                                                                                                                                                                                                            0       0     1         0
3.9 release work board                                                                                                                                                                                                                                                                                                                                                                                                                       0       3     1         0
3.9 release work board, 4.0 holding pattern                                                                                                                                                                                                                                                                                                                                                                                                  0       1     0         0
3.9 release work board, 4.0 holding pattern, 4.0 holding pattern 2, 4.0 holding pattern 3                                                                                                                                                                                                                                                                                                                                                    0       0     1         0
4.0 holding pattern 3                                                                                                                                                                                                                                                                                                                                                                                                                        0       9     2         1
4.0 holding pattern 3, 4.0 holding pattern 4                                                                                                                                                                                                                                                                                                                                                                                                 0       3     0         0
4.0 holding pattern, 4.0 holding pattern 2                                                                                                                                                                                                                                                                                                                                                                                                   0       0     2         0
? WWW                                                                                                                                                                                                                                                                                                                                                                                                                                        0       0     1         0
? WWW, ? Xpensive, ? Yogi Bear                                                                                                                                                                                                                                                                                                                                                                                                               0       0     1         0
A                                                                                                                                                                                                                                                                                                                                                                                                                                            0       2     0         0
AP F20-1 (June)                                                                                                                                                                                                                                                                                                                                                                                                                              0       0     0         1
AP F20-2 (July)                                                                                                                                                                                                                                                                                                                                                                                                                              0       3     4         2
AP F20-2 (July), AP F20-3 (August)                                                                                                                                                                                                                                                                                                                                                                                                           0       0     4         1
AP F20-3 (August)                                                                                                                                                                                                                                                                                                                                                                                                                            2       0    11         0
AP F20-3 (August), DB_F20_09                                                                                                                                                                                                                                                                                                                                                                                                                 0       0     1         0
AP F20-3 (August), DRP F20-3 (Aug)                                                                                                                                                                                                                                                                                                                                                                                                           0       0     1         0
AP F20-4 (September)                                                                                                                                                                                                                                                                                                                                                                                                                         8       5     1         0
API - 5.6 Sprint 4                                                                                                                                                                                                                                                                                                                                                                                                                           0       0     2         0
API - 5.6 Sprint 4, API - 5.6 Sprint 5, API Mini Sprint 6                                                                                                                                                                                                                                                                                                                                                                                    0       0     1         0
API - 5.6 Sprint 5                                                                                                                                                                                                                                                                                                                                                                                                                           0       3     0         0
API - Connect 1.0 - Sprint 1                                                                                                                                                                                                                                                                                                                                                                                                                 0       0     0         1
API - Connect 1.0 - Sprint 1, API - Connect 1.0 - Sprint 2                                                                                                                                                                                                                                                                                                                                                                                   0       0     0         1
API - Connect 1.0 - Sprint 1, API - Connect 1.0 - Sprint 2, API - REST 1.1 - Sprint 3                                                                                                                                                                                                                                                                                                                                                        0       0     0         1
API - Connect 1.0 - Sprint 1, API - Connect 1.0 - Sprint 2, API - REST 1.1 - Sprint 3, API - Road to 5.5 - Sprint 1, API - Road to 5.5 - Sprint 2                                                                                                                                                                                                                                                                                            0       0     0         1
Activity Sprint 10                                                                                                                                                                                                                                                                                                                                                                                                                           0       0     1         0
Activity Sprint 11                                                                                                                                                                                                                                                                                                                                                                                                                           0       7     3         0
Activity Sprint 7                                                                                                                                                                                                                                                                                                                                                                                                                            0       3     0         0
Activity Sprint 8                                                                                                                                                                                                                                                                                                                                                                                                                            0       6     4         0
Activity Sprint 8, Activity Sprint 9                                                                                                                                                                                                                                                                                                                                                                                                         0       0     1         0
Activity Sprint 9                                                                                                                                                                                                                                                                                                                                                                                                                            0       2     5         0
Activity Sprint 9, Activity Sprint 10                                                                                                                                                                                                                                                                                                                                                                                                        0       0     1         0
Activity Sprint 9, Activity Sprint 10, Activity Sprint 11, Moodlenet massive mop-up                                                                                                                                                                                                                                                                                                                                                          0       0     2         0
All for One                                                                                                                                                                                                                                                                                                                                                                                                                                  0       2     0         0
Arsenic                                                                                                                                                                                                                                                                                                                                                                                                                                      0       0     1         0
Azure Migration                                                                                                                                                                                                                                                                                                                                                                                                                              4       3     1         1
Azure Test Cases                                                                                                                                                                                                                                                                                                                                                                                                                             0       1     0         0
B                                                                                                                                                                                                                                                                                                                                                                                                                                            0       1     0         0
Batman fights Gotham crime                                                                                                                                                                                                                                                                                                                                                                                                                   0       0     3         1
Botulinum toxin                                                                                                                                                                                                                                                                                                                                                                                                                              0       0     3         0
Botulinum toxin, Cyanide, DDT                                                                                                                                                                                                                                                                                                                                                                                                                0       0     1         0
Build 2020-08-10                                                                                                                                                                                                                                                                                                                                                                                                                             0       3     0         0
Build 2020-08-24                                                                                                                                                                                                                                                                                                                                                                                                                             0       1     0         0
CC Softserve 22 - WFH sprint 3                                                                                                                                                                                                                                                                                                                                                                                                               0       2     0         0
CC Softserve 24 - WFH sprint 5                                                                                                                                                                                                                                                                                                                                                                                                               0       0     0         1
CC Softserve 25 - WFH sprint 6                                                                                                                                                                                                                                                                                                                                                                                                               0       0     0         1
Confident Crab                                                                                                                                                                                                                                                                                                                                                                                                                               0       0     0         2
Core OD-39                                                                                                                                                                                                                                                                                                                                                                                                                                   0       5     0         0
Core Sprint 18                                                                                                                                                                                                                                                                                                                                                                                                                               0       0     1         0
Core Sprint 18, API - Connect 1.0 - Sprint 1                                                                                                                                                                                                                                                                                                                                                                                                 0       0     2         0
Current                                                                                                                                                                                                                                                                                                                                                                                                                                      0       1     0         0
Current Work                                                                                                                                                                                                                                                                                                                                                                                                                                 0       2     0         1
Current and Hot                                                                                                                                                                                                                                                                                                                                                                                                                              0       0     0         1
Cyanide                                                                                                                                                                                                                                                                                                                                                                                                                                      0       2     0         0
Cyanide, DDT                                                                                                                                                                                                                                                                                                                                                                                                                                 0       2     0         0
DAG 2020-10-19                                                                                                                                                                                                                                                                                                                                                                                                                               3       0     0         0
DB_F20_06                                                                                                                                                                                                                                                                                                                                                                                                                                    0      13     4         0
DRP F20-1 (June)                                                                                                                                                                                                                                                                                                                                                                                                                             0       3    10         3
DRP F20-1 (June), DRP F20-2 (July)                                                                                                                                                                                                                                                                                                                                                                                                           0       0     4         2
DRP F20-1 (June), DRP F20-2 (July), DRP F20-3 (Aug)                                                                                                                                                                                                                                                                                                                                                                                          0       0     0         1
DRP F20-2 (July)                                                                                                                                                                                                                                                                                                                                                                                                                             0       3     4         0
DRP F20-3 (Aug)                                                                                                                                                                                                                                                                                                                                                                                                                              0       8     3         0
DRP S20-6 (May)                                                                                                                                                                                                                                                                                                                                                                                                                              0       5     0         0
Denmark?                                                                                                                                                                                                                                                                                                                                                                                                                                     0       0     0         2
Dev Platform 2020-08-10                                                                                                                                                                                                                                                                                                                                                                                                                      0       0     4         0
Dev Platform 2020-08-10, Dev Platform 2020-08-24                                                                                                                                                                                                                                                                                                                                                                                             0       1     1         0
Dev Platform 2020-08-10, Dev Platform 2020-09-07                                                                                                                                                                                                                                                                                                                                                                                             0       1     0         0
Dev Platform 2020-08-24                                                                                                                                                                                                                                                                                                                                                                                                                      0       7     3         0
Dev Platform 2020-09-07                                                                                                                                                                                                                                                                                                                                                                                                                      0       0     5         0
Dev Platform 2020-09-07, Dev Platform 2020-09-21                                                                                                                                                                                                                                                                                                                                                                                             0       0     2         0
Dev Platform 2020-09-21                                                                                                                                                                                                                                                                                                                                                                                                                      3       2     3         0
Dev Platform 2020-10-05                                                                                                                                                                                                                                                                                                                                                                                                                      5       0     5         0
Dirty Elephants                                                                                                                                                                                                                                                                                                                                                                                                                              0       0     1         0
Dumpster Dogs                                                                                                                                                                                                                                                                                                                                                                                                                                0       0     1         0
Dumpster Dogs, Mountain Lion                                                                                                                                                                                                                                                                                                                                                                                                                 0       0     1         0
Enchanting Ferrets                                                                                                                                                                                                                                                                                                                                                                                                                           0       0     1         0
Enchanting Ferrets, Green Hedgehogs                                                                                                                                                                                                                                                                                                                                                                                                          0       0     1         0
Eng Health - Q2                                                                                                                                                                                                                                                                                                                                                                                                                              0       2     1         0
Evergreen 2020-07-13                                                                                                                                                                                                                                                                                                                                                                                                                         0       0     0         1
Evergreen 2020-09-21                                                                                                                                                                                                                                                                                                                                                                                                                         4       0     0         0
Evergreen 2020-10-19                                                                                                                                                                                                                                                                                                                                                                                                                         2       0     0         0
Execution Team 2020-07-27                                                                                                                                                                                                                                                                                                                                                                                                                    0       4     0         0
Execution Team 2020-07-27, Execution Team 2020-08-10                                                                                                                                                                                                                                                                                                                                                                                         0       1     0         0
Execution Team 2020-08-10                                                                                                                                                                                                                                                                                                                                                                                                                    2       0     3         0
Execution Team 2020-08-10, Execution Team 2020-08-24                                                                                                                                                                                                                                                                                                                                                                                         0       0     1         0
Execution Team 2020-08-10, Execution Team 2020-09-07, Execution Team 2020-09-21                                                                                                                                                                                                                                                                                                                                                              0       0     1         0
Execution Team 2020-08-24                                                                                                                                                                                                                                                                                                                                                                                                                    0      12     5         0
Execution Team 2020-08-24, Execution Team 2020-09-07                                                                                                                                                                                                                                                                                                                                                                                         0       2     2         0
Execution Team 2020-08-24, Execution Team 2020-09-07, Execution Team 2020-09-21                                                                                                                                                                                                                                                                                                                                                              0       0     1         0
Execution Team 2020-08-24, Execution Team 2020-09-07, Execution Team 2020-09-21, Execution Team 2020-10-05                                                                                                                                                                                                                                                                                                                                   0       0     1         0
Execution Team 2020-09-07                                                                                                                                                                                                                                                                                                                                                                                                                    0       6    11         0
Execution Team 2020-09-07, Execution Team 2020-09-21                                                                                                                                                                                                                                                                                                                                                                                         0       0     2         0
Execution Team 2020-09-07, Execution Team 2020-09-21, Execution Team 2020-10-05                                                                                                                                                                                                                                                                                                                                                              0       0     1         0
Execution Team 2020-09-21                                                                                                                                                                                                                                                                                                                                                                                                                    7      12     2         0
Execution Team 2020-09-21, Execution Team 2020-10-05                                                                                                                                                                                                                                                                                                                                                                                         0       0     1         0
Execution Team 2020-10-05                                                                                                                                                                                                                                                                                                                                                                                                                    4      28     0         0
Execution Team 2020-10-19                                                                                                                                                                                                                                                                                                                                                                                                                    9      12     3         0
Execution Team 2020-11-02                                                                                                                                                                                                                                                                                                                                                                                                                    0       0     1         0
Finish the quarter                                                                                                                                                                                                                                                                                                                                                                                                                           0       2     0         0
Flumey Woomey                                                                                                                                                                                                                                                                                                                                                                                                                                0       0     0         1
Gallium trichloride                                                                                                                                                                                                                                                                                                                                                                                                                          1       0     1         0
Gallium trichloride, Hydrochloric acid                                                                                                                                                                                                                                                                                                                                                                                                       0       0     3         0
Gatekeeper Sprint 3                                                                                                                                                                                                                                                                                                                                                                                                                          0       0     0         1
Gatekeeper Sprint 3, Gatekeeper Sprint 8                                                                                                                                                                                                                                                                                                                                                                                                     0       0     0         1
Gatekeeper Sprint 7                                                                                                                                                                                                                                                                                                                                                                                                                          0       0     0         2
Gatekeeper Sprint 7, Gatekeeper Sprint 8                                                                                                                                                                                                                                                                                                                                                                                                     0       0     0         1
HGs                                                                                                                                                                                                                                                                                                                                                                                                                                          0       0     3         1
HGs, Iso Houso                                                                                                                                                                                                                                                                                                                                                                                                                               0       0     1         0
HGs, Iso Houso, Jazza and the boys                                                                                                                                                                                                                                                                                                                                                                                                           0       0     2         0
Happy Gilmore                                                                                                                                                                                                                                                                                                                                                                                                                                0       0     0         1
Hydrochloric acid                                                                                                                                                                                                                                                                                                                                                                                                                            0       0     3         0
Hydrochloric acid, Isopropylamine                                                                                                                                                                                                                                                                                                                                                                                                            0       0     1         0
IPM Sprint 1                                                                                                                                                                                                                                                                                                                                                                                                                                 0       0     0         1
Ilsa Lund                                                                                                                                                                                                                                                                                                                                                                                                                                    0       0     1         0
Ilsa Lund, John Wick                                                                                                                                                                                                                                                                                                                                                                                                                         0       0     1         0
In Progress                                                                                                                                                                                                                                                                                                                                                                                                                                  1       3     0         1
Inter-team Jackalope ?                                                                                                                                                                                                                                                                                                                                                                                                                       0       1     3         0
Inter-team Jackalope ?, Jumping Kangaroo ?                                                                                                                                                                                                                                                                                                                                                                                                   0       0     1         0
International 3.9 - Sprint 5                                                                                                                                                                                                                                                                                                                                                                                                                 0       2     1         0
International 3.9 - Sprint 5, International 3.9 - Sprint 6                                                                                                                                                                                                                                                                                                                                                                                   0       0     1         0
International 3.9 - Sprint 6                                                                                                                                                                                                                                                                                                                                                                                                                 0       6     6         0
International 3.9 - Sprint 6, International 3.9 - Sprint 7                                                                                                                                                                                                                                                                                                                                                                                   0       0     2         0
International 3.9 - Sprint 6, International 3.9 - Sprint 8                                                                                                                                                                                                                                                                                                                                                                                   0       0     2         0
International 3.9 - Sprint 8                                                                                                                                                                                                                                                                                                                                                                                                                 0       1     2         0
International 3.9 - Sprint 9                                                                                                                                                                                                                                                                                                                                                                                                                 0       0     1         0
International 4.0 - Sprint 1                                                                                                                                                                                                                                                                                                                                                                                                                 0       4     1         4
International 4.0 - Sprint 1, International 4.0 - Sprint 2                                                                                                                                                                                                                                                                                                                                                                                   0       0     0         3
International 4.0 - Sprint 1, International 4.0 - Sprint 2, International 4.0 - Sprint 3                                                                                                                                                                                                                                                                                                                                                     0       0     0         2
International 4.0 - Sprint 2                                                                                                                                                                                                                                                                                                                                                                                                                 0       1     3         0
International 4.0 - Sprint 2, International 4.0 - Sprint 3                                                                                                                                                                                                                                                                                                                                                                                   0       0     2         0
International 4.0 - Sprint 2, International 4.0 - Sprint 3, International 4.0 - Sprint 4                                                                                                                                                                                                                                                                                                                                                     0       0     1         0
International 4.0 - Sprint 3                                                                                                                                                                                                                                                                                                                                                                                                                 0       0     0         1
International 4.0 - Sprint 4                                                                                                                                                                                                                                                                                                                                                                                                                 0       2     5         0
International 4.0 - Sprint 5                                                                                                                                                                                                                                                                                                                                                                                                                 0       0     5         0
International 4.0 - Sprint 5, International 4.0 - Sprint 6                                                                                                                                                                                                                                                                                                                                                                                   0       0     4         0
International 4.0 - Sprint 6                                                                                                                                                                                                                                                                                                                                                                                                                 0       2     7         0
Iso Houso                                                                                                                                                                                                                                                                                                                                                                                                                                    0       0     0         3
Juncusol diacetate                                                                                                                                                                                                                                                                                                                                                                                                                           0       0     2         1
Kissing Llamas ?                                                                                                                                                                                                                                                                                                                                                                                                                             0       5     0         0
Leptophos                                                                                                                                                                                                                                                                                                                                                                                                                                    3       0     0         0
Lithouse Keepsies                                                                                                                                                                                                                                                                                                                                                                                                                            0       2     0         0
Long I/E sprint - Q4                                                                                                                                                                                                                                                                                                                                                                                                                         0       3     0         0
Long I/E sprint - Q4, January 13-24                                                                                                                                                                                                                                                                                                                                                                                                          0       0     0         1
Long I/E sprint - Q4, January 13-24, Feb 10 - Feb 21, Feb 24 - March 9                                                                                                                                                                                                                                                                                                                                                                       0       0     0         1
Mamba                                                                                                                                                                                                                                                                                                                                                                                                                                        1       0     0         0
Marbles!                                                                                                                                                                                                                                                                                                                                                                                                                                     0       0     0         1
Marbles!, Denmark?                                                                                                                                                                                                                                                                                                                                                                                                                           0       0     0         1
Marbles!, Denmark?, Usain Bolt, 3 New Musketeers!                                                                                                                                                                                                                                                                                                                                                                                            0       0     0         1
March 23 - March 30                                                                                                                                                                                                                                                                                                                                                                                                                          0       2     1         0
Martini                                                                                                                                                                                                                                                                                                                                                                                                                                      0       0     1         0
Moodle 3.9 - Moppies Kanban                                                                                                                                                                                                                                                                                                                                                                                                                  0       0     0         1
Moodlenet massive mess mop-up                                                                                                                                                                                                                                                                                                                                                                                                                0       1     0         0
Moodlenet massive mop-up                                                                                                                                                                                                                                                                                                                                                                                                                     0       2     1         0
Moodlenet massive mop-up 2                                                                                                                                                                                                                                                                                                                                                                                                                   0       0     3         0
Mutating Nematodes ?                                                                                                                                                                                                                                                                                                                                                                                                                         0       0     1         0
Mutating Nematodes ?, Napping Orangutans ??                                                                                                                                                                                                                                                                                                                                                                                                  0       0     2         0
Next Items- Ledger                                                                                                                                                                                                                                                                                                                                                                                                                           0       0     0         1
Next Work Items                                                                                                                                                                                                                                                                                                                                                                                                                              0       5     5         2
Next Workitems                                                                                                                                                                                                                                                                                                                                                                                                                              22      26    24        24
Next sprint                                                                                                                                                                                                                                                                                                                                                                                                                                  0       1     0         0
Novichok                                                                                                                                                                                                                                                                                                                                                                                                                                     0       0     3         0
Obiwan throws boomerangs well                                                                                                                                                                                                                                                                                                                                                                                                                0       0     0         1
Ouabain                                                                                                                                                                                                                                                                                                                                                                                                                                      0       0     0         2
Pandemic ?                                                                                                                                                                                                                                                                                                                                                                                                                                   0       0     2         0
Piña Colada                                                                                                                                                                                                                                                                                                                                                                                                                                  0       0     0         2
Piña Colada, Queen Mary, Red Bull                                                                                                                                                                                                                                                                                                                                                                                                            0       0     0         1
Piña Colada, Scotch                                                                                                                                                                                                                                                                                                                                                                                                                          0       0     0         2
Postmodern Quail ? ?                                                                                                                                                                                                                                                                                                                                                                                                                         0       3     0         0
Prioritized BackLog - old, Dirty Elephants                                                                                                                                                                                                                                                                                                                                                                                                   0       0     1         0
Pyrethrum                                                                                                                                                                                                                                                                                                                                                                                                                                    0       2     0         2
Q is insanely intelligent                                                                                                                                                                                                                                                                                                                                                                                                                    0       0     2         0
Q3 Fabric System Test                                                                                                                                                                                                                                                                                                                                                                                                                        0       0     0         1
Quarantini                                                                                                                                                                                                                                                                                                                                                                                                                                   0       1     0         0
Queen Mary, Red Bull, Scotch                                                                                                                                                                                                                                                                                                                                                                                                                 0       0     0         1
Query 2020-07-27                                                                                                                                                                                                                                                                                                                                                                                                                            11       4     0         0
Query 2020-08-10                                                                                                                                                                                                                                                                                                                                                                                                                             0      14    12         0
Query 2020-08-10, Query 2020-08-24                                                                                                                                                                                                                                                                                                                                                                                                           0       0     3         0
Query 2020-08-10, Query 2020-08-24, Query 2020-09-07                                                                                                                                                                                                                                                                                                                                                                                         0       0     1         0
Query 2020-08-10, Query 2020-08-24, Query 2020-09-07, Query 2020-09-21                                                                                                                                                                                                                                                                                                                                                                       0       0     3         0
Query 2020-08-10, Query 2020-09-07, Query 2020-09-21                                                                                                                                                                                                                                                                                                                                                                                         0       0     1         0
Query 2020-08-10, Query 2020-09-07, Query 2020-09-21, Query 2020-10-05                                                                                                                                                                                                                                                                                                                                                                       0       0     1         0
Query 2020-08-10, Query 2020-09-21                                                                                                                                                                                                                                                                                                                                                                                                           0       0     1         0
Query 2020-08-24                                                                                                                                                                                                                                                                                                                                                                                                                             3      22     5         0
Query 2020-08-24, Query 2020-09-07                                                                                                                                                                                                                                                                                                                                                                                                           0       1     4         0
Query 2020-08-24, Query 2020-09-07, Query 2020-09-21, Query 2020-10-05                                                                                                                                                                                                                                                                                                                                                                       0       0     2         0
Query 2020-08-24, Query 2020-09-07, Query 2020-09-21, Query 2020-10-19                                                                                                                                                                                                                                                                                                                                                                       0       0     1         0
Query 2020-09-07                                                                                                                                                                                                                                                                                                                                                                                                                             0      33    14         0
Query 2020-09-07, Query 2020-09-21                                                                                                                                                                                                                                                                                                                                                                                                           0       1     4         0
Query 2020-09-07, Query 2020-09-21, Query 2020-10-05                                                                                                                                                                                                                                                                                                                                                                                         0       0     1         0
Query 2020-09-21                                                                                                                                                                                                                                                                                                                                                                                                                            10      22     8         0
Query 2020-09-21, Query 2020-10-05                                                                                                                                                                                                                                                                                                                                                                                                           0       0     4         0
Query 2020-10-05                                                                                                                                                                                                                                                                                                                                                                                                                             3       8    11         0
Query 2020-10-05, Query 2020-10-19                                                                                                                                                                                                                                                                                                                                                                                                           0       3     1         0
Query 2020-10-19                                                                                                                                                                                                                                                                                                                                                                                                                             0       8     3         0
Quicksilver                                                                                                                                                                                                                                                                                                                                                                                                                                  0       0     0         3
Quicksilver, Ricin                                                                                                                                                                                                                                                                                                                                                                                                                           0       0     0         2
Quicksilver, Ricin, Sarin                                                                                                                                                                                                                                                                                                                                                                                                                    0       0     0         1
Red Bull                                                                                                                                                                                                                                                                                                                                                                                                                                     0       0     2         0
Repl 2020-08-10                                                                                                                                                                                                                                                                                                                                                                                                                              3      27     8         0
Repl 2020-08-24                                                                                                                                                                                                                                                                                                                                                                                                                              7       8    16         0
Repl 2020-08-24, Repl 2020-09-07                                                                                                                                                                                                                                                                                                                                                                                                             0       0     1         0
Repl 2020-08-24, Repl 2020-09-07, Repl 2020-09-21                                                                                                                                                                                                                                                                                                                                                                                            0       0     1         0
Repl 2020-08-24, Repl 2020-09-07, Repl 2020-09-21, Repl 2020-10-05                                                                                                                                                                                                                                                                                                                                                                           0       0     1         0
Repl 2020-09-07                                                                                                                                                                                                                                                                                                                                                                                                                              8      20    19         0
Repl 2020-09-07, Repl 2020-09-21                                                                                                                                                                                                                                                                                                                                                                                                             0       0     5         0
Repl 2020-09-07, Repl 2020-09-21, Repl 2020-10-05                                                                                                                                                                                                                                                                                                                                                                                            0       0     2         0
Repl 2020-09-21                                                                                                                                                                                                                                                                                                                                                                                                                              5       4    38         0
Repl 2020-09-21, Repl 2020-10-05                                                                                                                                                                                                                                                                                                                                                                                                             0       0     7         0
Repl 2020-09-21, Repl 2020-10-05, Repl 2020-10-19                                                                                                                                                                                                                                                                                                                                                                                            0       0     3         0
Repl 2020-10-05                                                                                                                                                                                                                                                                                                                                                                                                                              4      12     4         0
Repl 2020-10-19                                                                                                                                                                                                                                                                                                                                                                                                                             10       9     0         0
Ricin                                                                                                                                                                                                                                                                                                                                                                                                                                        0       0     0         2
STM 2020-07-27                                                                                                                                                                                                                                                                                                                                                                                                                               0       0     1         0
STM 2020-08-10                                                                                                                                                                                                                                                                                                                                                                                                                               0       4     1         2
STM 2020-08-10, STM 2020-08-24                                                                                                                                                                                                                                                                                                                                                                                                               0       0     1         0
STM 2020-08-10, STM 2020-08-24, STM 2020-09-07                                                                                                                                                                                                                                                                                                                                                                                               0       0     1         0
STM 2020-08-24                                                                                                                                                                                                                                                                                                                                                                                                                               8       4     0         2
STM 2020-09-07                                                                                                                                                                                                                                                                                                                                                                                                                               0       6     3         0
STM 2020-09-07, STM 2020-09-21                                                                                                                                                                                                                                                                                                                                                                                                               0       0     1         0
STM 2020-09-21                                                                                                                                                                                                                                                                                                                                                                                                                               2       4     1         0
STM 2020-10-05                                                                                                                                                                                                                                                                                                                                                                                                                               2       5     2         0
STM 2020-10-19                                                                                                                                                                                                                                                                                                                                                                                                                               0       4     1         0
STM 2020-11-02                                                                                                                                                                                                                                                                                                                                                                                                                               0       0     1         0
Security 2020-08-10                                                                                                                                                                                                                                                                                                                                                                                                                          0       4     2         0
Security 2020-08-10, Security 2020-09-07                                                                                                                                                                                                                                                                                                                                                                                                     0       0     1         0
Security 2020-08-10, Security 2020-09-07, Security 2020-09-21, Security 2020-10-05                                                                                                                                                                                                                                                                                                                                                           0       0     1         0
Security 2020-08-10, Security 2020-09-07, Security 2020-09-21, Security 2020-10-05, Security 2020-10-19                                                                                                                                                                                                                                                                                                                                      0       0     1         0
Security 2020-08-24                                                                                                                                                                                                                                                                                                                                                                                                                          0      10     7         0
Security 2020-08-24, Security 2020-09-07                                                                                                                                                                                                                                                                                                                                                                                                     0       0     2         0
Security 2020-08-24, Security 2020-09-07, Security 2020-09-21, Security 2020-10-05                                                                                                                                                                                                                                                                                                                                                           0       0     1         0
Security 2020-09-07                                                                                                                                                                                                                                                                                                                                                                                                                          0       2     3         0
Security 2020-09-21                                                                                                                                                                                                                                                                                                                                                                                                                          0       5     2         0
Security 2020-10-05                                                                                                                                                                                                                                                                                                                                                                                                                          0      13     2         0
Security 2020-10-19                                                                                                                                                                                                                                                                                                                                                                                                                          0       0     1         0
Service Arch 2020-08-10                                                                                                                                                                                                                                                                                                                                                                                                                      0       6     3         0
Service Arch 2020-08-10, Service Arch 2020-08-24                                                                                                                                                                                                                                                                                                                                                                                             0       0     1         0
Service Arch 2020-08-10, Service Arch 2020-08-24, Service arch 2020-09-07                                                                                                                                                                                                                                                                                                                                                                    0       0     1         0
Service Arch 2020-08-24                                                                                                                                                                                                                                                                                                                                                                                                                      0      12     0         0
Service arch 2020-09-07                                                                                                                                                                                                                                                                                                                                                                                                                      0      14     2         0
Service arch 2020-09-07, Service arch 2020-09-21                                                                                                                                                                                                                                                                                                                                                                                             0       2     1         0
Service arch 2020-09-07, Service arch 2020-10-05                                                                                                                                                                                                                                                                                                                                                                                             0       2     0         0
Service arch 2020-09-21                                                                                                                                                                                                                                                                                                                                                                                                                      0       0     2         0
Service arch 2020-10-05                                                                                                                                                                                                                                                                                                                                                                                                                      0       2     2         0
Sharding 2020-07-27                                                                                                                                                                                                                                                                                                                                                                                                                          0       4     0         0
Sharding 2020-08-10                                                                                                                                                                                                                                                                                                                                                                                                                          4       8     5         0
Sharding 2020-08-10, Sharding 2020-08-24                                                                                                                                                                                                                                                                                                                                                                                                     0       2     4         0
Sharding 2020-08-24                                                                                                                                                                                                                                                                                                                                                                                                                          0       2     5         0
Sharding 2020-08-24, Sharding 2020-09-07                                                                                                                                                                                                                                                                                                                                                                                                     0       1     3         0
Sharding 2020-08-24, Sharding 2020-09-21                                                                                                                                                                                                                                                                                                                                                                                                     0       0     1         0
Sharding 2020-08-24, Sharding 2020-09-21, Sharding 2020-10-05                                                                                                                                                                                                                                                                                                                                                                                0       0     1         0
Sharding 2020-09-07                                                                                                                                                                                                                                                                                                                                                                                                                          0       7    15         0
Sharding 2020-09-21                                                                                                                                                                                                                                                                                                                                                                                                                         29      13    17         0
Sharding 2020-09-21, Sharding 2020-10-05                                                                                                                                                                                                                                                                                                                                                                                                     0       0     5         0
Sharding 2020-09-21, Sharding 2020-10-05, Sharding 2020-10-19                                                                                                                                                                                                                                                                                                                                                                                0       0     1         0
Sharding 2020-10-05                                                                                                                                                                                                                                                                                                                                                                                                                          9      16     4         0
Sharding 2020-10-05, Sharding 2020-10-19                                                                                                                                                                                                                                                                                                                                                                                                     0       1     0         0
Sharding 2020-10-19                                                                                                                                                                                                                                                                                                                                                                                                                         13       8     5         0
Softserve WFH sprint 11                                                                                                                                                                                                                                                                                                                                                                                                                      0       2     0         0
SpiderMan                                                                                                                                                                                                                                                                                                                                                                                                                                    0       0     1         0
SpiderMan, Pop goes the Weasel                                                                                                                                                                                                                                                                                                                                                                                                               0       0     1         0
SpiderMan, Pop goes the Weasel, Pretty Panda                                                                                                                                                                                                                                                                                                                                                                                                 0       0     1         0
Storage - Ra 2020-09-07                                                                                                                                                                                                                                                                                                                                                                                                                      3       0     0         0
Storage - Ra 2020-09-21                                                                                                                                                                                                                                                                                                                                                                                                                      0       3     0         0
Superman is super manly                                                                                                                                                                                                                                                                                                                                                                                                                      0       0     4         0
Superman is super manly, Thomas da Tank Engine is a cat                                                                                                                                                                                                                                                                                                                                                                                      0       0     3         0
TSSW Sprint - Aug 17 - Aug 31                                                                                                                                                                                                                                                                                                                                                                                                                3       8     1         0
TSSW Sprint - Aug 3 - Aug 17                                                                                                                                                                                                                                                                                                                                                                                                                 4      22    11         0
TSSW Sprint - Aug 3 - Aug 17, TSSW Sprint - Aug 17 - Aug 31                                                                                                                                                                                                                                                                                                                                                                                  0       0     3         0
TSSW Sprint - Aug 31 - Sep 14                                                                                                                                                                                                                                                                                                                                                                                                                0      14     7         0
TSSW Sprint - Aug 31 - Sep 14, TSSW Sprint - Sep 14 - Sep 28                                                                                                                                                                                                                                                                                                                                                                                 0       0     3         0
TSSW Sprint - Jul 20 - Aug 3                                                                                                                                                                                                                                                                                                                                                                                                                 7      10     9         0
TSSW Sprint - Jul 20 - Aug 3, TSSW Sprint - Aug 3 - Aug 17                                                                                                                                                                                                                                                                                                                                                                                   0       0     2         0
TSSW Sprint - Jul 20 - Aug 3, TSSW Sprint - Aug 3 - Aug 17, TSSW Sprint - Aug 17 - Aug 31                                                                                                                                                                                                                                                                                                                                                    0       0     1         0
TSSW Sprint - Jul 20 - Aug 3, TSSW Sprint - Aug 3 - Aug 17, TSSW Sprint - Aug 17 - Aug 31, TSSW Sprint - Aug 31 - Sep 14                                                                                                                                                                                                                                                                                                                     0       0     2         0
TSSW Sprint - Jul 6 - Jul 20                                                                                                                                                                                                                                                                                                                                                                                                                 0      22    11         0
TSSW Sprint - Jul 6 - Jul 20, TSSW Sprint - Aug 3 - Aug 17                                                                                                                                                                                                                                                                                                                                                                                   0       0     2         0
TSSW Sprint - Jul 6 - Jul 20, TSSW Sprint - Jul 20 - Aug 3                                                                                                                                                                                                                                                                                                                                                                                   0       0     5         0
TSSW Sprint - Jun 22 - Jul 6                                                                                                                                                                                                                                                                                                                                                                                                                 0      31     5         0
TSSW Sprint - Jun 22 - Jul 6, TSSW Sprint - Jul 6 - Jul 20                                                                                                                                                                                                                                                                                                                                                                                   0       0     7         0
TSSW Sprint - Jun 22 - Jul 6, TSSW Sprint - Jul 6 - Jul 20, TSSW Sprint - Jul 20 - Aug 3                                                                                                                                                                                                                                                                                                                                                     0       0     1         0
TSSW Sprint - Jun 8 - Jun 22                                                                                                                                                                                                                                                                                                                                                                                                                 0       4     6         0
TSSW Sprint - Jun 8 - Jun 22, TSSW Sprint - Jun 22 - Jul 6                                                                                                                                                                                                                                                                                                                                                                                   0       0     2         0
TSSW Sprint - Jun 8 - Jun 22, TSSW Sprint - Jun 22 - Jul 6, TSSW Sprint - Jul 6 - Jul 20                                                                                                                                                                                                                                                                                                                                                     0       0     1         0
TSSW Sprint - Oct 12 - Oct 26                                                                                                                                                                                                                                                                                                                                                                                                                1       0     0         0
TSSW Sprint - Sep 14 - Sep 28                                                                                                                                                                                                                                                                                                                                                                                                                0      21     5         0
TSSW Sprint - Sep 28 - Oct 12                                                                                                                                                                                                                                                                                                                                                                                                                5       4     0         0
Test Cases                                                                                                                                                                                                                                                                                                                                                                                                                                   1       1     0         0
That was something Alice alway                                                                                                                                                                                                                                                                                                                                                                                                               0       0     1         0
That was something Alice alway, No more fun sprint names                                                                                                                                                                                                                                                                                                                                                                                     0       0     2         0
Thomas da Tank Engine is a cat                                                                                                                                                                                                                                                                                                                                                                                                               0       1     0         0
To Be Triaged                                                                                                                                                                                                                                                                                                                                                                                                                                0       0     1         0
To Do                                                                                                                                                                                                                                                                                                                                                                                                                                        0       1    11         1
To be triaged                                                                                                                                                                                                                                                                                                                                                                                                                                0       2     1         0
Tracking Sprint                                                                                                                                                                                                                                                                                                                                                                                                                              0       0     0         1
Triaged                                                                                                                                                                                                                                                                                                                                                                                                                                      0       0     1         0
Triaged (Not Pointed)                                                                                                                                                                                                                                                                                                                                                                                                                        0       0     0         1
Unknown                                                                                                                                                                                                                                                                                                                                                                                                                                   7591    7792  4620      4016
Uranium-235                                                                                                                                                                                                                                                                                                                                                                                                                                  0       0     0         1
Uranium-235, Valinomycin                                                                                                                                                                                                                                                                                                                                                                                                                     0       0     0         1
Uranium-235, Valinomycin, Warfarin                                                                                                                                                                                                                                                                                                                                                                                                           0       0     0         1
Usain Bolt                                                                                                                                                                                                                                                                                                                                                                                                                                   0       2     0         0
Valinomycin                                                                                                                                                                                                                                                                                                                                                                                                                                  0       0     0         1
Valinomycin, Warfarin, Xylylene dichloride                                                                                                                                                                                                                                                                                                                                                                                                   0       0     0         1
Valinomycin, Warfarin, Xylylene dichloride, Yttrium                                                                                                                                                                                                                                                                                                                                                                                          0       0     0         1
VeryniceVelu                                                                                                                                                                                                                                                                                                                                                                                                                                 0       0     2         0
WFH Bat                                                                                                                                                                                                                                                                                                                                                                                                                                      0       0     0         1
WFH Bat, WFH Pangolin, WFH Armadillo                                                                                                                                                                                                                                                                                                                                                                                                         0       0     0         1
WFH Bat, WFH Pangolin, WFH Armadillo, Nesting Sparrow, Quarantini                                                                                                                                                                                                                                                                                                                                                                            0       0     0         1
Wolverine cuts through wood                                                                                                                                                                                                                                                                                                                                                                                                                  0       0     1         0
Xena captures alien offspring                                                                                                                                                                                                                                                                                                                                                                                                                0       0     1         0
Yellowjacket wears blue socks                                                                                                                                                                                                                                                                                                                                                                                                                0       0     1         0
Yellowjacket wears blue socks, Zangief squash commits gently                                                                                                                                                                                                                                                                                                                                                                                 0       2     0         0
Yellowjacket wears blue socks, Zangief squash commits gently, Mustard Gas                                                                                                                                                                                                                                                                                                                                                                    0       3     0         0
Yttrium                                                                                                                                                                                                                                                                                                                                                                                                                                      0       0     3         0
Yttrium, Zinc phosphide                                                                                                                                                                                                                                                                                                                                                                                                                      0       0     1         0
Zinc phosphide                                                                                                                                                                                                                                                                                                                                                                                                                               0       0     3         0
future                                                                                                                                                                                                                                                                                                                                                                                                                                       0       0     1         0
v2.0                                                                                                                                                                                                                                                                                                                                                                                                                                         1       0     2         3
v2.0 (optional)                                                                                                                                                                                                                                                                                                                                                                                                                              2       5     1         1

Risk percentages within each value:
task_risk_level                                                                                                                                                                                                                                                                                                                                                                                                                              Low  Medium    High  Critical
sprint                                                                                                                                                                                                                                                                                                                                                                                                                                                                    
2016 Sprint 13 SDK                                                                                                                                                                                                                                                                                                                                                                                                                          0.00    0.00    0.00    100.00
2016 Sprint 17 SDK                                                                                                                                                                                                                                                                                                                                                                                                                          0.00   54.55   27.27     18.18
2016 Sprint 17 SDK, 2018 Sprint 18 SDK                                                                                                                                                                                                                                                                                                                                                                                                      0.00   25.00   25.00     50.00
2016 Sprint 17 SDK, 2018 Sprint 18 SDK, 2018 Sprint 19 SDK                                                                                                                                                                                                                                                                                                                                                                                  0.00    0.00  100.00      0.00
2016 Sprint 17 SDK, 2018 Sprint 18 SDK, 2018 Sprint 19 SDK, 2018 Sprint 20 SDK, 2018 Sprint 21, 2018 Sprint 22                                                                                                                                                                                                                                                                                                                              0.00    0.00    0.00    100.00
2016 Sprint 17 SDK, 2018 Sprint 18 SDK, 2018 Sprint 19 SDK, 2018 Sprint 20 SDK, 2018 Sprint 21, 2018 Sprint 22, 2018 Sprint 23                                                                                                                                                                                                                                                                                                              0.00    0.00    0.00    100.00
2016 Sprint 17 SDK, 2018 Sprint 18 SDK, 2018 Sprint 19 SDK, 2018 Sprint 20 SDK, 2018 Sprint 21, 2018 Sprint 22, 2018 Sprint 23, 2018 Sprint 24, 2018 Sprint 25                                                                                                                                                                                                                                                                              0.00    0.00    0.00    100.00
2016 Sprint 17 SDK, 2018 Sprint 18 SDK, 2018 Sprint 19 SDK, 2018 Sprint 20 SDK, 2018 Sprint 21, 2018 Sprint 22, 2018 Sprint 25, 2018 Sprint 26, 2019 Sprint 1                                                                                                                                                                                                                                                                               0.00    0.00    0.00    100.00
2016 Sprint 18 SDK                                                                                                                                                                                                                                                                                                                                                                                                                          0.00    0.00    0.00    100.00
2017 Sprint 16 Platform                                                                                                                                                                                                                                                                                                                                                                                                                     0.00  100.00    0.00      0.00
2017 Sprint 22 Platform                                                                                                                                                                                                                                                                                                                                                                                                                     0.00   50.00   16.67     33.33
2018 Sprint 01 SDK                                                                                                                                                                                                                                                                                                                                                                                                                          0.00   75.00    0.00     25.00
2018 Sprint 01 SDK, 2018 Sprint 02 SDK                                                                                                                                                                                                                                                                                                                                                                                                      0.00    0.00  100.00      0.00
2018 Sprint 01 SDK, 2018 Sprint 02 SDK, 2018 Sprint 03 SDK, 2018 Sprint 13 SDK, 2018 Sprint 14 SDK, 2018 Sprint 15 SDK, 2018 Sprint 16 SDK                                                                                                                                                                                                                                                                                                  0.00    0.00    0.00    100.00
2018 Sprint 01 SDK, 2018 Sprint 02 SDK, 2018 Sprint 03 SDK, 2018 Sprint 13 SDK, 2018 Sprint 14 SDK, 2018 Sprint 15 SDK, 2018 Sprint 16 SDK, 2016 Sprint 17 SDK, 2018 Sprint 18 SDK, 2018 Sprint 19 SDK, 2018 Sprint 20 SDK, 2018 Sprint 21, 2018 Sprint 22                                                                                                                                                                                  0.00    0.00    0.00    100.00
2018 Sprint 02 SDK                                                                                                                                                                                                                                                                                                                                                                                                                         21.43    0.00   50.00     28.57
2018 Sprint 03 SDK                                                                                                                                                                                                                                                                                                                                                                                                                          0.00   37.50   37.50     25.00
2018 Sprint 03 SDK, 2018 Sprint 06 SDK                                                                                                                                                                                                                                                                                                                                                                                                      0.00    0.00    0.00    100.00
2018 Sprint 04 SDK                                                                                                                                                                                                                                                                                                                                                                                                                          0.00   16.67   16.67     66.67
2018 Sprint 04 SDK, 2018 Sprint 06 SDK, 2018 Sprint 07 SDK, 2018 Sprint 08 SDK, 2018 Sprint 09 SDK, 2018 Sprint 10 SDK                                                                                                                                                                                                                                                                                                                      0.00    0.00    0.00    100.00
2018 Sprint 05 SDK                                                                                                                                                                                                                                                                                                                                                                                                                          0.00   22.22   77.78      0.00
2018 Sprint 05 SDK, 2018 Sprint 04 SDK                                                                                                                                                                                                                                                                                                                                                                                                      0.00    0.00   33.33     66.67
2018 Sprint 05 SDK, 2018 Sprint 04 SDK, 2018 Sprint 06 SDK                                                                                                                                                                                                                                                                                                                                                                                  0.00    0.00    0.00    100.00
2018 Sprint 05 SDK, 2018 Sprint 04 SDK, 2018 Sprint 06 SDK, 2018 Sprint 07 SDK, 2018 Sprint 08 SDK, 2018 Sprint 09 SDK                                                                                                                                                                                                                                                                                                                      0.00    0.00    0.00    100.00
2018 Sprint 05 SDK, 2018 Sprint 04 SDK, 2018 Sprint 06 SDK, 2018 Sprint 07 SDK, 2018 Sprint 08 SDK, 2018 Sprint 10 SDK                                                                                                                                                                                                                                                                                                                      0.00    0.00    0.00    100.00
2018 Sprint 05 SDK, 2018 Sprint 04 SDK, 2018 Sprint 06 SDK, 2018 Sprint 07 SDK, 2018 Sprint 08 SDK, 2018 Sprint 11 SDK                                                                                                                                                                                                                                                                                                                      0.00    0.00    0.00    100.00
2018 Sprint 05 SDK, 2018 Sprint 04 SDK, 2018 Sprint 06 SDK, 2018 Sprint 07 SDK, 2018 Sprint 08 SDK, 2018 Sprint 12 SDK                                                                                                                                                                                                                                                                                                                      0.00    0.00    0.00    100.00
2018 Sprint 05 SDK, 2018 Sprint 04 SDK, 2018 Sprint 06 SDK, 2018 Sprint 07 SDK, 2018 Sprint 08 SDK, 2018 Sprint 13 SDK                                                                                                                                                                                                                                                                                                                      0.00    0.00    0.00    100.00
2018 Sprint 05 SDK, 2018 Sprint 04 SDK, 2018 Sprint 06 SDK, 2018 Sprint 07 SDK, 2018 Sprint 08 SDK, 2018 Sprint 14 SDK                                                                                                                                                                                                                                                                                                                      0.00    0.00    0.00    100.00
2018 Sprint 05 SDK, 2018 Sprint 04 SDK, 2018 Sprint 06 SDK, 2018 Sprint 07 SDK, 2018 Sprint 08 SDK, 2018 Sprint 15 SDK                                                                                                                                                                                                                                                                                                                      0.00    0.00    0.00    100.00
2018 Sprint 05 SDK, 2018 Sprint 04 SDK, 2018 Sprint 06 SDK, 2018 Sprint 07 SDK, 2018 Sprint 08 SDK, 2018 Sprint 15 SDK, 2016 Sprint 17 SDK, 2018 Sprint 18 SDK                                                                                                                                                                                                                                                                              0.00    0.00    0.00    100.00
2018 Sprint 05 SDK, 2018 Sprint 04 SDK, 2018 Sprint 06 SDK, 2018 Sprint 07 SDK, 2018 Sprint 08 SDK, 2018 Sprint 15 SDK, 2016 Sprint 17 SDK, 2018 Sprint 18 SDK, 2018 Sprint 19 SDK                                                                                                                                                                                                                                                          0.00    0.00    0.00    100.00
2018 Sprint 05 SDK, 2018 Sprint 04 SDK, 2018 Sprint 06 SDK, 2018 Sprint 07 SDK, 2018 Sprint 08 SDK, 2018 Sprint 15 SDK, 2016 Sprint 17 SDK, 2018 Sprint 18 SDK, 2018 Sprint 19 SDK, 2018 Sprint 20 SDK                                                                                                                                                                                                                                      0.00    0.00    0.00    100.00
2018 Sprint 05 SDK, 2018 Sprint 04 SDK, 2018 Sprint 06 SDK, 2018 Sprint 07 SDK, 2018 Sprint 08 SDK, 2018 Sprint 15 SDK, 2016 Sprint 17 SDK, 2018 Sprint 18 SDK, 2018 Sprint 19 SDK, 2018 Sprint 20 SDK, 2018 Sprint 21, 2018 Sprint 22, 2018 Sprint 24                                                                                                                                                                                      0.00    0.00    0.00    100.00
2018 Sprint 05 SDK, 2018 Sprint 04 SDK, 2018 Sprint 06 SDK, 2018 Sprint 07 SDK, 2018 Sprint 08 SDK, 2018 Sprint 15 SDK, 2016 Sprint 17 SDK, 2018 Sprint 18 SDK, 2018 Sprint 19 SDK, 2018 Sprint 20 SDK, 2018 Sprint 21, 2018 Sprint 24                                                                                                                                                                                                      0.00    0.00    0.00    100.00
2018 Sprint 05 SDK, 2018 Sprint 06 SDK                                                                                                                                                                                                                                                                                                                                                                                                      0.00    0.00  100.00      0.00
2018 Sprint 05 SDK, 2018 Sprint 06 SDK, 2018 Sprint 07 SDK, 2018 Sprint 08 SDK, 2018 Sprint 09 SDK                                                                                                                                                                                                                                                                                                                                          0.00    0.00  100.00      0.00
2018 Sprint 06 SDK                                                                                                                                                                                                                                                                                                                                                                                                                          0.00   21.62   48.65     29.73
2018 Sprint 06 SDK, 2018 Sprint 07 SDK                                                                                                                                                                                                                                                                                                                                                                                                      0.00    0.00   50.00     50.00
2018 Sprint 06 SDK, 2018 Sprint 07 SDK, 2018 Sprint 08 SDK                                                                                                                                                                                                                                                                                                                                                                                  0.00    0.00   50.00     50.00
2018 Sprint 06 SDK, 2018 Sprint 07 SDK, 2018 Sprint 08 SDK, 2018 Sprint 09 SDK                                                                                                                                                                                                                                                                                                                                                              0.00    0.00   16.67     83.33
2018 Sprint 06 SDK, 2018 Sprint 07 SDK, 2018 Sprint 08 SDK, 2018 Sprint 09 SDK, 2018 Sprint 10 SDK                                                                                                                                                                                                                                                                                                                                          0.00    0.00   28.57     71.43
2018 Sprint 06 SDK, 2018 Sprint 07 SDK, 2018 Sprint 08 SDK, 2018 Sprint 09 SDK, 2018 Sprint 10 SDK, 2018 Sprint 11 SDK, 2018 Sprint 12 SDK, 2018 Sprint 13 SDK, 2018 Sprint 14 SDK, 2018 Sprint 15 SDK, 2018 Sprint 16 SDK                                                                                                                                                                                                                  0.00    0.00    0.00    100.00
2018 Sprint 06 SDK, 2018 Sprint 07 SDK, 2018 Sprint 08 SDK, 2018 Sprint 09 SDK, 2018 Sprint 10 SDK, 2018 Sprint 11 SDK, 2018 Sprint 12 SDK, 2018 Sprint 13 SDK, 2018 Sprint 14 SDK, 2018 Sprint 15 SDK, 2018 Sprint 16 SDK, 2016 Sprint 17 SDK, 2018 Sprint 18 SDK, 2018 Sprint 19 SDK                                                                                                                                                      0.00    0.00    0.00    100.00
2018 Sprint 06 SDK, 2018 Sprint 07 SDK, 2018 Sprint 08 SDK, 2018 Sprint 09 SDK, 2018 Sprint 10 SDK, 2018 Sprint 11 SDK, 2018 Sprint 12 SDK, 2018 Sprint 13 SDK, 2018 Sprint 14 SDK, 2018 Sprint 15 SDK, 2018 Sprint 16 SDK, 2016 Sprint 17 SDK, 2018 Sprint 18 SDK, 2018 Sprint 19 SDK, 2018 Sprint 20 SDK, 2018 Sprint 21, 2018 Sprint 22, 2018 Sprint 23, 2018 Sprint 24, 2018 Sprint 25, 2018 Sprint 26, 2019 Sprint 1, 2019 Sprint 2    0.00    0.00    0.00    100.00
2018 Sprint 06 SDK, 2018 Sprint 07 SDK, 2018 Sprint 08 SDK, 2018 Sprint 12 SDK                                                                                                                                                                                                                                                                                                                                                              0.00    0.00    0.00    100.00
2018 Sprint 06 SDK, 2018 Sprint 07 SDK, 2018 Sprint 08 SDK, 2018 Sprint 14 SDK                                                                                                                                                                                                                                                                                                                                                              0.00    0.00    0.00    100.00
2018 Sprint 06 SDK, 2018 Sprint 07 SDK, 2018 Sprint 08 SDK, 2018 Sprint 15 SDK, 2016 Sprint 17 SDK, 2018 Sprint 18 SDK, 2018 Sprint 19 SDK, 2018 Sprint 20 SDK                                                                                                                                                                                                                                                                              0.00    0.00    0.00    100.00
2018 Sprint 06 SDK, 2018 Sprint 07 SDK, 2018 Sprint 08 SDK, 2018 Sprint 15 SDK, 2018 Sprint 16 SDK                                                                                                                                                                                                                                                                                                                                          0.00    0.00    0.00    100.00
2018 Sprint 07 SDK                                                                                                                                                                                                                                                                                                                                                                                                                          0.00   47.62   28.57     23.81
2018 Sprint 07 SDK, 2018 Sprint 08 SDK                                                                                                                                                                                                                                                                                                                                                                                                      0.00    0.00   66.67     33.33
2018 Sprint 07 SDK, 2018 Sprint 08 SDK, 2018 Sprint 09 SDK                                                                                                                                                                                                                                                                                                                                                                                  0.00    0.00  100.00      0.00
2018 Sprint 07 SDK, 2018 Sprint 08 SDK, 2018 Sprint 10 SDK                                                                                                                                                                                                                                                                                                                                                                                  0.00    0.00  100.00      0.00
2018 Sprint 07 SDK, 2018 Sprint 08 SDK, 2018 Sprint 11 SDK                                                                                                                                                                                                                                                                                                                                                                                  0.00    0.00    0.00    100.00
2018 Sprint 07 SDK, 2018 Sprint 08 SDK, 2018 Sprint 14 SDK                                                                                                                                                                                                                                                                                                                                                                                  0.00    0.00    0.00    100.00
2018 Sprint 07 SDK, 2018 Sprint 08 SDK, 2018 Sprint 15 SDK                                                                                                                                                                                                                                                                                                                                                                                  0.00    0.00    0.00    100.00
2018 Sprint 07 SDK, 2018 Sprint 08 SDK, 2018 Sprint 15 SDK, 2016 Sprint 17 SDK, 2018 Sprint 18 SDK, 2018 Sprint 19 SDK, 2018 Sprint 20 SDK                                                                                                                                                                                                                                                                                                  0.00    0.00    0.00    100.00
2018 Sprint 08 SDK                                                                                                                                                                                                                                                                                                                                                                                                                          0.00   83.33    0.00     16.67
2018 Sprint 08 SDK, 2018 Sprint 09 SDK, 2018 Sprint 10 SDK, 2018 Sprint 11 SDK                                                                                                                                                                                                                                                                                                                                                              0.00    0.00    0.00    100.00
2018 Sprint 08 SDK, 2018 Sprint 09 SDK, 2018 Sprint 10 SDK, 2018 Sprint 11 SDK, 2018 Sprint 12 SDK                                                                                                                                                                                                                                                                                                                                          0.00    0.00    0.00    100.00
2018 Sprint 08 SDK, 2018 Sprint 09 SDK, 2018 Sprint 10 SDK, 2018 Sprint 11 SDK, 2018 Sprint 12 SDK, 2018 Sprint 13 SDK, 2018 Sprint 14 SDK, 2018 Sprint 15 SDK                                                                                                                                                                                                                                                                              0.00    0.00    0.00    100.00
2018 Sprint 08 SDK, 2018 Sprint 09 SDK, 2018 Sprint 10 SDK, 2018 Sprint 11 SDK, 2018 Sprint 12 SDK, 2018 Sprint 13 SDK, 2018 Sprint 14 SDK, 2018 Sprint 15 SDK, 2018 Sprint 16 SDK                                                                                                                                                                                                                                                          0.00    0.00    0.00    100.00
2018 Sprint 08 SDK, 2018 Sprint 09 SDK, 2018 Sprint 10 SDK, 2018 Sprint 11 SDK, 2018 Sprint 12 SDK, 2018 Sprint 13 SDK, 2018 Sprint 14 SDK, 2018 Sprint 15 SDK, 2018 Sprint 16 SDK, 2016 Sprint 17 SDK                                                                                                                                                                                                                                      0.00    0.00    0.00    100.00
2018 Sprint 08 SDK, 2018 Sprint 09 SDK, 2018 Sprint 10 SDK, 2018 Sprint 11 SDK, 2018 Sprint 12 SDK, 2018 Sprint 13 SDK, 2018 Sprint 14 SDK, 2018 Sprint 15 SDK, 2018 Sprint 16 SDK, 2016 Sprint 17 SDK, 2018 Sprint 18 SDK, 2018 Sprint 19 SDK                                                                                                                                                                                              0.00    0.00    0.00    100.00
2018 Sprint 08 SDK, 2018 Sprint 09 SDK, 2018 Sprint 10 SDK, 2018 Sprint 11 SDK, 2018 Sprint 12 SDK, 2018 Sprint 13 SDK, 2018 Sprint 14 SDK, 2018 Sprint 15 SDK, 2018 Sprint 16 SDK, 2016 Sprint 17 SDK, 2018 Sprint 18 SDK, 2018 Sprint 19 SDK, 2018 Sprint 20 SDK, 2018 Sprint 21                                                                                                                                                          0.00    0.00    0.00    100.00
2018 Sprint 08 SDK, 2018 Sprint 09 SDK, 2018 Sprint 10 SDK, 2018 Sprint 11 SDK, 2018 Sprint 12 SDK, 2018 Sprint 13 SDK, 2018 Sprint 14 SDK, 2018 Sprint 15 SDK, 2018 Sprint 16 SDK, 2016 Sprint 17 SDK, 2018 Sprint 18 SDK, 2018 Sprint 19 SDK, 2018 Sprint 20 SDK, 2018 Sprint 21, 2018 Sprint 22, 2018 Sprint 23                                                                                                                          0.00    0.00    0.00    100.00
2018 Sprint 09 SDK                                                                                                                                                                                                                                                                                                                                                                                                                          0.00   62.50   12.50     25.00
2018 Sprint 09 SDK, 2018 Sprint 10 SDK                                                                                                                                                                                                                                                                                                                                                                                                      0.00   50.00    0.00     50.00
2018 Sprint 09 SDK, 2018 Sprint 10 SDK, 2018 Sprint 11 SDK                                                                                                                                                                                                                                                                                                                                                                                  0.00    0.00  100.00      0.00
2018 Sprint 09 SDK, 2018 Sprint 10 SDK, 2018 Sprint 11 SDK, 2018 Sprint 12 SDK                                                                                                                                                                                                                                                                                                                                                              0.00    0.00   50.00     50.00
2018 Sprint 09 SDK, 2018 Sprint 10 SDK, 2018 Sprint 11 SDK, 2018 Sprint 12 SDK, 2018 Sprint 13 SDK, 2018 Sprint 14 SDK                                                                                                                                                                                                                                                                                                                      0.00    0.00    0.00    100.00
2018 Sprint 09 SDK, 2018 Sprint 10 SDK, 2018 Sprint 11 SDK, 2018 Sprint 12 SDK, 2018 Sprint 13 SDK, 2018 Sprint 14 SDK, 2018 Sprint 15 SDK                                                                                                                                                                                                                                                                                                  0.00    0.00    0.00    100.00
2018 Sprint 09 SDK, 2018 Sprint 10 SDK, 2018 Sprint 11 SDK, 2018 Sprint 12 SDK, 2018 Sprint 13 SDK, 2018 Sprint 14 SDK, 2018 Sprint 15 SDK, 2018 Sprint 16 SDK, 2016 Sprint 17 SDK, 2018 Sprint 18 SDK                                                                                                                                                                                                                                      0.00    0.00    0.00    100.00
2018 Sprint 09 SDK, 2018 Sprint 10 SDK, 2018 Sprint 11 SDK, 2018 Sprint 12 SDK, 2018 Sprint 13 SDK, 2018 Sprint 14 SDK, 2018 Sprint 15 SDK, 2018 Sprint 16 SDK, 2016 Sprint 17 SDK, 2018 Sprint 18 SDK, 2018 Sprint 19 SDK                                                                                                                                                                                                                  0.00    0.00    0.00    100.00
2018 Sprint 09 SDK, 2018 Sprint 10 SDK, 2018 Sprint 11 SDK, 2018 Sprint 12 SDK, 2018 Sprint 13 SDK, 2018 Sprint 14 SDK, 2018 Sprint 15 SDK, 2018 Sprint 16 SDK, 2016 Sprint 17 SDK, 2018 Sprint 18 SDK, 2018 Sprint 19 SDK, 2018 Sprint 20 SDK, 2018 Sprint 21                                                                                                                                                                              0.00    0.00    0.00    100.00
2018 Sprint 10 SDK                                                                                                                                                                                                                                                                                                                                                                                                                          0.00   60.00   25.00     15.00
2018 Sprint 10 SDK, 2018 Sprint 11 SDK                                                                                                                                                                                                                                                                                                                                                                                                      0.00   33.33   66.67      0.00
2018 Sprint 11 SDK                                                                                                                                                                                                                                                                                                                                                                                                                          0.00   46.15   23.08     30.77
2018 Sprint 11 SDK, 2018 Sprint 12 SDK                                                                                                                                                                                                                                                                                                                                                                                                      0.00    0.00    0.00    100.00
2018 Sprint 11 SDK, 2018 Sprint 12 SDK, 2018 Sprint 13 SDK, 2018 Sprint 14 SDK, 2018 Sprint 15 SDK                                                                                                                                                                                                                                                                                                                                          0.00    0.00    0.00    100.00
2018 Sprint 11 SDK, 2018 Sprint 12 SDK, 2018 Sprint 13 SDK, 2018 Sprint 14 SDK, 2018 Sprint 15 SDK, 2018 Sprint 16 SDK, 2016 Sprint 17 SDK, 2018 Sprint 18 SDK, 2018 Sprint 19 SDK                                                                                                                                                                                                                                                          0.00    0.00    0.00    100.00
2018 Sprint 11 SDK, 2019 Sprint 26                                                                                                                                                                                                                                                                                                                                                                                                          0.00    0.00    0.00    100.00
2018 Sprint 12 SDK                                                                                                                                                                                                                                                                                                                                                                                                                          0.00   31.58   36.84     31.58
2018 Sprint 12 SDK, 2018 Sprint 13 SDK                                                                                                                                                                                                                                                                                                                                                                                                      0.00    0.00    0.00    100.00
2018 Sprint 12 SDK, 2018 Sprint 13 SDK, 2018 Sprint 14 SDK                                                                                                                                                                                                                                                                                                                                                                                  0.00    0.00    0.00    100.00
2018 Sprint 12 SDK, 2018 Sprint 13 SDK, 2018 Sprint 14 SDK, 2018 Sprint 15 SDK                                                                                                                                                                                                                                                                                                                                                              0.00    0.00    0.00    100.00
2018 Sprint 12 SDK, 2018 Sprint 13 SDK, 2018 Sprint 14 SDK, 2018 Sprint 15 SDK, 2018 Sprint 16 SDK                                                                                                                                                                                                                                                                                                                                          0.00    0.00    0.00    100.00
2018 Sprint 12 SDK, 2018 Sprint 13 SDK, 2018 Sprint 14 SDK, 2018 Sprint 15 SDK, 2018 Sprint 16 SDK, 2016 Sprint 17 SDK, 2018 Sprint 18 SDK                                                                                                                                                                                                                                                                                                  0.00    0.00    0.00    100.00
2018 Sprint 12 SDK, 2018 Sprint 13 SDK, 2018 Sprint 14 SDK, 2018 Sprint 15 SDK, 2018 Sprint 16 SDK, 2016 Sprint 17 SDK, 2018 Sprint 18 SDK, 2018 Sprint 19 SDK, 2018 Sprint 20 SDK, 2018 Sprint 21, 2018 Sprint 22, 2018 Sprint 23                                                                                                                                                                                                          0.00    0.00    0.00    100.00
2018 Sprint 12 Tooling                                                                                                                                                                                                                                                                                                                                                                                                                    100.00    0.00    0.00      0.00
2018 Sprint 13 SDK                                                                                                                                                                                                                                                                                                                                                                                                                         28.57   28.57   19.05     23.81
2018 Sprint 13 SDK, 2018 Sprint 14 SDK                                                                                                                                                                                                                                                                                                                                                                                                      0.00    0.00    0.00    100.00
2018 Sprint 13 SDK, 2018 Sprint 14 SDK, 2018 Sprint 15 SDK                                                                                                                                                                                                                                                                                                                                                                                  0.00    0.00  100.00      0.00
2018 Sprint 13 SDK, 2018 Sprint 14 SDK, 2018 Sprint 15 SDK, 2018 Sprint 16 SDK                                                                                                                                                                                                                                                                                                                                                              0.00    0.00    0.00    100.00
2018 Sprint 13 SDK, 2018 Sprint 14 SDK, 2018 Sprint 15 SDK, 2018 Sprint 16 SDK, 2016 Sprint 17 SDK, 2018 Sprint 18 SDK                                                                                                                                                                                                                                                                                                                      0.00    0.00    0.00    100.00
2018 Sprint 14 SDK                                                                                                                                                                                                                                                                                                                                                                                                                          0.00   88.89   11.11      0.00
2018 Sprint 15 SDK                                                                                                                                                                                                                                                                                                                                                                                                                          0.00   31.58   42.11     26.32
2018 Sprint 15 SDK, 2016 Sprint 17 SDK                                                                                                                                                                                                                                                                                                                                                                                                      0.00    0.00    0.00    100.00
2018 Sprint 15 SDK, 2016 Sprint 17 SDK, 2018 Sprint 18 SDK                                                                                                                                                                                                                                                                                                                                                                                  0.00    0.00  100.00      0.00
2018 Sprint 15 SDK, 2016 Sprint 17 SDK, 2018 Sprint 18 SDK, 2018 Sprint 19 SDK                                                                                                                                                                                                                                                                                                                                                              0.00    0.00    0.00    100.00
2018 Sprint 15 SDK, 2016 Sprint 17 SDK, 2018 Sprint 18 SDK, 2018 Sprint 19 SDK, 2018 Sprint 20 SDK                                                                                                                                                                                                                                                                                                                                          0.00    0.00    0.00    100.00
2018 Sprint 15 SDK, 2016 Sprint 17 SDK, 2018 Sprint 18 SDK, 2018 Sprint 19 SDK, 2018 Sprint 20 SDK, 2018 Sprint 21, 2018 Sprint 22                                                                                                                                                                                                                                                                                                          0.00    0.00    0.00    100.00
2018 Sprint 15 SDK, 2016 Sprint 17 SDK, 2018 Sprint 18 SDK, 2018 Sprint 19 SDK, 2018 Sprint 20 SDK, 2018 Sprint 21, 2018 Sprint 22, 2018 Sprint 23                                                                                                                                                                                                                                                                                          0.00    0.00    0.00    100.00
2018 Sprint 15 SDK, 2018 Sprint 16 SDK                                                                                                                                                                                                                                                                                                                                                                                                      0.00    0.00   50.00     50.00
2018 Sprint 15 SDK, 2018 Sprint 16 SDK, 2016 Sprint 17 SDK, 2018 Sprint 18 SDK                                                                                                                                                                                                                                                                                                                                                              0.00    0.00   66.67     33.33
2018 Sprint 15 SDK, 2018 Sprint 16 SDK, 2016 Sprint 17 SDK, 2018 Sprint 18 SDK, 2018 Sprint 19 SDK, 2018 Sprint 20 SDK                                                                                                                                                                                                                                                                                                                      0.00    0.00    0.00    100.00
2018 Sprint 15 SDK, 2018 Sprint 16 SDK, 2016 Sprint 17 SDK, 2018 Sprint 18 SDK, 2018 Sprint 19 SDK, 2018 Sprint 20 SDK, 2018 Sprint 21, 2018 Sprint 22, 2018 Sprint 23                                                                                                                                                                                                                                                                      0.00    0.00    0.00    100.00
2018 Sprint 15 SDK, 2018 Sprint 16 SDK, 2016 Sprint 17 SDK, 2018 Sprint 18 SDK, 2018 Sprint 19 SDK, 2018 Sprint 20 SDK, 2018 Sprint 21, 2018 Sprint 22, 2018 Sprint 23, 2018 Sprint 24                                                                                                                                                                                                                                                      0.00    0.00    0.00    100.00
2018 Sprint 15 SDK, 2018 Sprint 16 SDK, 2016 Sprint 17 SDK, 2018 Sprint 18 SDK, 2018 Sprint 19 SDK, 2018 Sprint 20 SDK, 2018 Sprint 21, 2018 Sprint 22, 2018 Sprint 23, 2018 Sprint 24, 2018 Sprint 25, 2018 Sprint 26, 2019 Sprint 1, 2019 Sprint 2                                                                                                                                                                                        0.00    0.00    0.00    100.00
2018 Sprint 15 SDK, 2018 Sprint 16 SDK, 2016 Sprint 17 SDK, 2018 Sprint 18 SDK, 2018 Sprint 19 SDK, 2018 Sprint 20 SDK, 2018 Sprint 21, 2018 Sprint 22, 2018 Sprint 23, 2018 Sprint 24, 2018 Sprint 25, 2018 Sprint 26, 2019 Sprint 1, 2019 Sprint 2, 2019 Sprint 3, 2019 Sprint 4, 2019 Sprint 5, 2019 Sprint 6, 2019 Sprint 7                                                                                                             0.00    0.00    0.00    100.00
2018 Sprint 15 SDK, 2018 Sprint 19 SDK                                                                                                                                                                                                                                                                                                                                                                                                      0.00    0.00    0.00    100.00
2018 Sprint 16 SDK                                                                                                                                                                                                                                                                                                                                                                                                                          0.00    0.00   44.44     55.56
2018 Sprint 16 SDK, 2016 Sprint 17 SDK                                                                                                                                                                                                                                                                                                                                                                                                      0.00    0.00    0.00    100.00
2018 Sprint 16 SDK, 2016 Sprint 17 SDK, 2018 Sprint 18 SDK                                                                                                                                                                                                                                                                                                                                                                                  0.00    0.00    0.00    100.00
2018 Sprint 16 SDK, 2016 Sprint 17 SDK, 2018 Sprint 18 SDK, 2018 Sprint 19 SDK, 2018 Sprint 20 SDK, 2018 Sprint 21                                                                                                                                                                                                                                                                                                                          0.00    0.00    0.00    100.00
2018 Sprint 16 SDK, 2016 Sprint 17 SDK, 2018 Sprint 18 SDK, 2018 Sprint 19 SDK, 2018 Sprint 20 SDK, 2018 Sprint 21, 2018 Sprint 22                                                                                                                                                                                                                                                                                                          0.00    0.00    0.00    100.00
2018 Sprint 16 SDK, 2016 Sprint 17 SDK, 2018 Sprint 18 SDK, 2018 Sprint 19 SDK, 2018 Sprint 20 SDK, 2018 Sprint 21, 2018 Sprint 22, 2018 Sprint 23, 2018 Sprint 24, 2018 Sprint 25                                                                                                                                                                                                                                                          0.00    0.00    0.00    100.00
2018 Sprint 16 SDK, 2016 Sprint 17 SDK, 2018 Sprint 18 SDK, 2018 Sprint 19 SDK, 2018 Sprint 20 SDK, 2018 Sprint 21, 2018 Sprint 22, 2018 Sprint 23, 2018 Sprint 24, 2018 Sprint 25, 2018 Sprint 26, 2019 Sprint 1, 2019 Sprint 2, 2019 Sprint 3, 2019 Sprint 4, 2019 Sprint 5                                                                                                                                                               0.00    0.00    0.00    100.00
2018 Sprint 18 SDK                                                                                                                                                                                                                                                                                                                                                                                                                         40.00   60.00    0.00      0.00
2018 Sprint 19 SDK                                                                                                                                                                                                                                                                                                                                                                                                                          0.00    0.00   91.67      8.33
2018 Sprint 19 SDK, 2018 Sprint 20 SDK                                                                                                                                                                                                                                                                                                                                                                                                      0.00    0.00  100.00      0.00
2018 Sprint 19 SDK, 2018 Sprint 20 SDK, 2018 Sprint 21                                                                                                                                                                                                                                                                                                                                                                                      0.00    0.00  100.00      0.00
2018 Sprint 20 SDK                                                                                                                                                                                                                                                                                                                                                                                                                         25.00   50.00   15.00     10.00
2018 Sprint 20 SDK, 2018 Sprint 21                                                                                                                                                                                                                                                                                                                                                                                                          0.00   50.00   25.00     25.00
2018 Sprint 20 SDK, 2018 Sprint 21, 2018 Sprint 25                                                                                                                                                                                                                                                                                                                                                                                          0.00    0.00    0.00    100.00
2018 Sprint 21                                                                                                                                                                                                                                                                                                                                                                                                                             27.27   54.55    0.00     18.18
2018 Sprint 22                                                                                                                                                                                                                                                                                                                                                                                                                             40.00   20.00   40.00      0.00
2018 Sprint 22, 2018 Sprint 23                                                                                                                                                                                                                                                                                                                                                                                                              0.00   50.00   50.00      0.00
2018 Sprint 22, 2018 Sprint 24                                                                                                                                                                                                                                                                                                                                                                                                              0.00    0.00  100.00      0.00
2018 Sprint 23                                                                                                                                                                                                                                                                                                                                                                                                                              0.00   77.78    7.41     14.81
2018 Sprint 23, 2018 Sprint 24                                                                                                                                                                                                                                                                                                                                                                                                              0.00   50.00    0.00     50.00
2018 Sprint 24                                                                                                                                                                                                                                                                                                                                                                                                                              0.00   50.00   16.67     33.33
2018 Sprint 24, 2019 Sprint 16                                                                                                                                                                                                                                                                                                                                                                                                              0.00    0.00    0.00    100.00
2018 Sprint 25                                                                                                                                                                                                                                                                                                                                                                                                                              0.00   81.82    0.00     18.18
2018 Sprint 25, 2018 Sprint 26                                                                                                                                                                                                                                                                                                                                                                                                              0.00   88.89    0.00     11.11
2018 Sprint 25, 2018 Sprint 26, 2019 Sprint 1, 2019 Sprint 2                                                                                                                                                                                                                                                                                                                                                                                0.00    0.00    0.00    100.00
2018 Sprint 25, 2018 Sprint 26, 2019 Sprint 1, 2019 Sprint 3                                                                                                                                                                                                                                                                                                                                                                                0.00    0.00    0.00    100.00
2018 Sprint 26                                                                                                                                                                                                                                                                                                                                                                                                                              0.00   61.54   38.46      0.00
2018 Sprint 26, 2019 Sprint 1                                                                                                                                                                                                                                                                                                                                                                                                               0.00    0.00  100.00      0.00
2018 Sprint 26, 2019 Sprint 1, 2019 Sprint 2                                                                                                                                                                                                                                                                                                                                                                                                0.00    0.00   50.00     50.00
2018 Sprint 26, 2019 Sprint 1, 2019 Sprint 2, 2019 Sprint 3, 2019 Sprint 4, 2019 Sprint 5, 2019 Sprint 6, 2019 Sprint 7, 2019 Sprint 8, 2019 Sprint 9, 2019 Sprint 10, 2019 Sprint 11                                                                                                                                                                                                                                                       0.00    0.00    0.00    100.00
2018 Sprint 26, 2019 Sprint 1, 2019 Sprint 2, 2019 Sprint 3, 2019 Sprint 4, 2019 Sprint 5, 2019 Sprint 6, 2019 Sprint 7, 2019 Sprint 8, 2019 Sprint 9, 2019 Sprint 10, 2019 Sprint 11, 2019 Sprint 12, 2019 Sprint 13, 2019 Sprint 14, 2019 Sprint 15, 2019 Sprint 16, 2019 Sprint 17, 2019 Sprint 18, 2019 Sprint 19, 2019 Sprint 20                                                                                                       0.00    0.00    0.00    100.00
2018 Sprint 26, 2019 Sprint 1, 2019 Sprint 3, 2019 Sprint 4                                                                                                                                                                                                                                                                                                                                                                                 0.00    0.00  100.00      0.00
2019 Sprint 1                                                                                                                                                                                                                                                                                                                                                                                                                               0.00    0.00   60.00     40.00
2019 Sprint 1, 2019 Sprint 2                                                                                                                                                                                                                                                                                                                                                                                                                0.00    0.00   66.67     33.33
2019 Sprint 1, 2019 Sprint 2, 2019 Sprint 3                                                                                                                                                                                                                                                                                                                                                                                                 0.00    0.00    0.00    100.00
2019 Sprint 1, 2019 Sprint 2, 2019 Sprint 3, 2019 Sprint 4, 2019 Sprint 5, 2019 Sprint 6, 2019 Sprint 7                                                                                                                                                                                                                                                                                                                                     0.00    0.00    0.00    100.00
2019 Sprint 1, 2019 Sprint 3, 2019 Sprint 4                                                                                                                                                                                                                                                                                                                                                                                                 0.00    0.00   66.67     33.33
2019 Sprint 1, 2019 Sprint 3, 2019 Sprint 5, 2019 Sprint 6                                                                                                                                                                                                                                                                                                                                                                                  0.00    0.00    0.00    100.00
2019 Sprint 10                                                                                                                                                                                                                                                                                                                                                                                                                              0.00    0.00   71.43     28.57
2019 Sprint 10, 2019 Sprint 11                                                                                                                                                                                                                                                                                                                                                                                                              0.00    0.00   50.00     50.00
2019 Sprint 11                                                                                                                                                                                                                                                                                                                                                                                                                              0.00   37.50   62.50      0.00
2019 Sprint 11, 2019 Sprint 12                                                                                                                                                                                                                                                                                                                                                                                                              0.00    0.00  100.00      0.00
2019 Sprint 11, 2019 Sprint 12, 2019 Sprint 13                                                                                                                                                                                                                                                                                                                                                                                              0.00    0.00    0.00    100.00
2019 Sprint 11, 2019 Sprint 12, 2019 Sprint 13, 2019 Sprint 14                                                                                                                                                                                                                                                                                                                                                                              0.00    0.00    0.00    100.00
2019 Sprint 11, 2019 Sprint 12, 2019 Sprint 13, 2019 Sprint 14, 2019 Sprint 15, 2019 Sprint 16, 2019 Sprint 17, 2019 Sprint 18, 2019 Sprint 19, 2019 Sprint 20, 2019 Sprint 21, 2019 Sprint 22, 2019 Sprint 23, 2019 Sprint 24                                                                                                                                                                                                              0.00    0.00    0.00    100.00
2019 Sprint 11, 2019 Sprint 12, 2019 Sprint 13, 2019 Sprint 14, 2019 Sprint 15, 2019 Sprint 16, 2019 Sprint 17, 2019 Sprint 18, 2019 Sprint 19, 2019 Sprint 20, 2019 Sprint 21, 2019 Sprint 22, 2019 Sprint 23, 2019 Sprint 24, 2020 Sprint 8, 2020 Sprint 9, 2020 Sprint 10, 2020 Sprint 11, 2020 Sprint 12, 2020 Sprint 13                                                                                                                0.00    0.00    0.00    100.00
2019 Sprint 11, 2019 Sprint 12, 2019 Sprint 13, 2019 Sprint 14, 2019 Sprint 15, 2019 Sprint 16, 2019 Sprint 17, 2019 Sprint 18, 2019 Sprint 19, 2019 Sprint 20, 2019 Sprint 21, 2019 Sprint 22, 2019 Sprint 23, 2019 Sprint 24, 2020 Sprint 8, 2020 Sprint 9, 2020 Sprint 10, 2020 Sprint 11, 2020 Sprint 12, 2020 Sprint 13, 2020 Sprint 14                                                                                                0.00    0.00    0.00    100.00
2019 Sprint 11, 2019 Sprint 12, 2019 Sprint 13, 2019 Sprint 14, 2019 Sprint 16, 2019 Sprint 18                                                                                                                                                                                                                                                                                                                                              0.00    0.00    0.00    100.00
2019 Sprint 11, 2019 Sprint 12, 2019 Sprint 13, 2019 Sprint 14, 2019 Sprint 16, 2019 Sprint 22                                                                                                                                                                                                                                                                                                                                              0.00    0.00    0.00    100.00
2019 Sprint 12                                                                                                                                                                                                                                                                                                                                                                                                                             66.67    0.00   33.33      0.00
2019 Sprint 13                                                                                                                                                                                                                                                                                                                                                                                                                              0.00    0.00   80.00     20.00
2019 Sprint 13, 2019 Sprint 14                                                                                                                                                                                                                                                                                                                                                                                                              0.00    0.00   50.00     50.00
2019 Sprint 13, 2019 Sprint 14, 2019 Sprint 15, 2019 Sprint 16                                                                                                                                                                                                                                                                                                                                                                              0.00    0.00  100.00      0.00
2019 Sprint 14                                                                                                                                                                                                                                                                                                                                                                                                                              0.00    0.00    0.00    100.00
2019 Sprint 14, 2019 Sprint 15, 2019 Sprint 16, 2019 Sprint 17, 2019 Sprint 18                                                                                                                                                                                                                                                                                                                                                              0.00    0.00    0.00    100.00
2019 Sprint 14, 2019 Sprint 15, 2019 Sprint 16, 2019 Sprint 17, 2019 Sprint 18, 2019 Sprint 19, 2019 Sprint 20, 2019 Sprint 21, 2019 Sprint 22, 2019 Sprint 23, 2019 Sprint 24                                                                                                                                                                                                                                                              0.00    0.00    0.00    100.00
2019 Sprint 14, 2019 Sprint 15, 2019 Sprint 16, 2019 Sprint 17, 2019 Sprint 18, 2019 Sprint 19, 2019 Sprint 20, 2019 Sprint 21, 2019 Sprint 22, 2019 Sprint 23, 2019 Sprint 24, 2019 Sprint 26, 2020 Sprint 10                                                                                                                                                                                                                              0.00    0.00    0.00    100.00
2019 Sprint 14, 2019 Sprint 15, 2019 Sprint 16, 2019 Sprint 17, 2019 Sprint 18, 2019 Sprint 19, 2019 Sprint 20, 2019 Sprint 21, 2019 Sprint 22, 2019 Sprint 23, 2019 Sprint 24, 2019 Sprint 26, 2020 Sprint 10, 2020 Sprint 11, 2020 Sprint 12, 2020 Sprint 13, 2020 Sprint 14, 2020 Sprint 15                                                                                                                                              0.00    0.00    0.00    100.00
2019 Sprint 15                                                                                                                                                                                                                                                                                                                                                                                                                              0.00    0.00   42.86     57.14
2019 Sprint 15, 2019 Sprint 16                                                                                                                                                                                                                                                                                                                                                                                                              0.00    0.00  100.00      0.00
2019 Sprint 15, 2019 Sprint 16, 2019 Sprint 17                                                                                                                                                                                                                                                                                                                                                                                              0.00    0.00  100.00      0.00
2019 Sprint 16                                                                                                                                                                                                                                                                                                                                                                                                                              0.00   57.14   14.29     28.57
2019 Sprint 16, 2019 Sprint 17                                                                                                                                                                                                                                                                                                                                                                                                              0.00    0.00    0.00    100.00
2019 Sprint 16, 2019 Sprint 17, 2019 Sprint 18                                                                                                                                                                                                                                                                                                                                                                                              0.00    0.00    0.00    100.00
2019 Sprint 16, 2019 Sprint 17, 2019 Sprint 18, 2019 Sprint 19, 2019 Sprint 20                                                                                                                                                                                                                                                                                                                                                              0.00    0.00    0.00    100.00
2019 Sprint 16, 2019 Sprint 21                                                                                                                                                                                                                                                                                                                                                                                                              0.00    0.00    0.00    100.00
2019 Sprint 16, 2019 Sprint 23, 2019 Sprint 24                                                                                                                                                                                                                                                                                                                                                                                              0.00    0.00    0.00    100.00
2019 Sprint 17                                                                                                                                                                                                                                                                                                                                                                                                                             11.11   16.67   33.33     38.89
2019 Sprint 17, 2019 Sprint 18                                                                                                                                                                                                                                                                                                                                                                                                              0.00    0.00  100.00      0.00
2019 Sprint 17, 2019 Sprint 18, 2019 Sprint 19                                                                                                                                                                                                                                                                                                                                                                                              0.00    0.00   66.67     33.33
2019 Sprint 17, 2019 Sprint 18, 2019 Sprint 19, 2019 Sprint 20, 2019 Sprint 21                                                                                                                                                                                                                                                                                                                                                              0.00    0.00  100.00      0.00
2019 Sprint 17, 2019 Sprint 18, 2019 Sprint 19, 2019 Sprint 20, 2019 Sprint 21, 2019 Sprint 22                                                                                                                                                                                                                                                                                                                                              0.00    0.00    0.00    100.00
2019 Sprint 17, 2019 Sprint 18, 2019 Sprint 19, 2019 Sprint 20, 2019 Sprint 21, 2019 Sprint 22, 2019 Sprint 23, 2019 Sprint 24, 2020 Sprint 1                                                                                                                                                                                                                                                                                               0.00    0.00    0.00    100.00
2019 Sprint 18                                                                                                                                                                                                                                                                                                                                                                                                                             20.00   35.00   20.00     25.00
2019 Sprint 18, 2019 Sprint 19, 2019 Sprint 20, 2019 Sprint 21                                                                                                                                                                                                                                                                                                                                                                              0.00    0.00    0.00    100.00
2019 Sprint 18, 2019 Sprint 19, 2019 Sprint 20, 2019 Sprint 21, 2019 Sprint 22                                                                                                                                                                                                                                                                                                                                                              0.00    0.00    0.00    100.00
2019 Sprint 18, 2019 Sprint 19, 2019 Sprint 20, 2019 Sprint 21, 2019 Sprint 22, 2019 Sprint 23, 2019 Sprint 24                                                                                                                                                                                                                                                                                                                              0.00    0.00    0.00    100.00
2019 Sprint 18, 2019 Sprint 19, 2019 Sprint 20, 2019 Sprint 21, 2019 Sprint 22, 2019 Sprint 23, 2019 Sprint 24, 2019 Sprint 25                                                                                                                                                                                                                                                                                                              0.00    0.00    0.00    100.00
2019 Sprint 19                                                                                                                                                                                                                                                                                                                                                                                                                              0.00   80.00    0.00     20.00
2019 Sprint 2                                                                                                                                                                                                                                                                                                                                                                                                                               0.00    0.00  100.00      0.00
2019 Sprint 2, 2019 Sprint 3                                                                                                                                                                                                                                                                                                                                                                                                                0.00    0.00  100.00      0.00
2019 Sprint 2, 2019 Sprint 3, 2019 Sprint 4                                                                                                                                                                                                                                                                                                                                                                                                 0.00    0.00  100.00      0.00
2019 Sprint 2, 2019 Sprint 3, 2019 Sprint 4, 2019 Sprint 5                                                                                                                                                                                                                                                                                                                                                                                  0.00    0.00  100.00      0.00
2019 Sprint 20                                                                                                                                                                                                                                                                                                                                                                                                                              0.00   50.00   42.86      7.14
2019 Sprint 20, 2019 Sprint 21                                                                                                                                                                                                                                                                                                                                                                                                              0.00    0.00   66.67     33.33
2019 Sprint 20, 2019 Sprint 21, 2019 Sprint 22, 2019 Sprint 23                                                                                                                                                                                                                                                                                                                                                                              0.00    0.00  100.00      0.00
2019 Sprint 20, 2019 Sprint 21, 2019 Sprint 22, 2019 Sprint 23, 2019 Sprint 24                                                                                                                                                                                                                                                                                                                                                              0.00    0.00  100.00      0.00
2019 Sprint 21                                                                                                                                                                                                                                                                                                                                                                                                                              0.00   80.00    0.00     20.00
2019 Sprint 21, 2019 Sprint 22                                                                                                                                                                                                                                                                                                                                                                                                              0.00   66.67    0.00     33.33
2019 Sprint 21, 2019 Sprint 22, 2019 Sprint 23, 2019 Sprint 24, 2019 Sprint 25                                                                                                                                                                                                                                                                                                                                                              0.00    0.00    0.00    100.00
2019 Sprint 22                                                                                                                                                                                                                                                                                                                                                                                                                              0.00   35.71   14.29     50.00
2019 Sprint 22, 2019 Sprint 23                                                                                                                                                                                                                                                                                                                                                                                                              0.00    0.00   50.00     50.00
2019 Sprint 22, 2019 Sprint 23, 2019 Sprint 24                                                                                                                                                                                                                                                                                                                                                                                              0.00    0.00   25.00     75.00
2019 Sprint 23                                                                                                                                                                                                                                                                                                                                                                                                                              0.00   45.45   36.36     18.18
2019 Sprint 23, 2019 Sprint 24                                                                                                                                                                                                                                                                                                                                                                                                              0.00   75.00    0.00     25.00
2019 Sprint 23, 2019 Sprint 25, 2019 Sprint 26                                                                                                                                                                                                                                                                                                                                                                                              0.00    0.00    0.00    100.00
2019 Sprint 24                                                                                                                                                                                                                                                                                                                                                                                                                              0.00   77.78   11.11     11.11
2019 Sprint 25                                                                                                                                                                                                                                                                                                                                                                                                                              0.00    0.00   50.00     50.00
2019 Sprint 25, 2019 Sprint 26                                                                                                                                                                                                                                                                                                                                                                                                              0.00    0.00    0.00    100.00
2019 Sprint 26                                                                                                                                                                                                                                                                                                                                                                                                                              0.00   26.32   10.53     63.16
2019 Sprint 26, 2020 Sprint 1                                                                                                                                                                                                                                                                                                                                                                                                               0.00    0.00  100.00      0.00
2019 Sprint 26, 2020 Sprint 1, 2020 Sprint 2                                                                                                                                                                                                                                                                                                                                                                                                0.00    0.00  100.00      0.00
2019 Sprint 26, 2020 Sprint 2                                                                                                                                                                                                                                                                                                                                                                                                               0.00    0.00    0.00    100.00
2019 Sprint 3                                                                                                                                                                                                                                                                                                                                                                                                                               0.00   17.65   70.59     11.76
2019 Sprint 3, 2019 Sprint 4                                                                                                                                                                                                                                                                                                                                                                                                                0.00   25.00   50.00     25.00
2019 Sprint 3, 2019 Sprint 4, 2019 Sprint 5                                                                                                                                                                                                                                                                                                                                                                                                 0.00    0.00  100.00      0.00
2019 Sprint 3, 2019 Sprint 4, 2019 Sprint 5, 2019 Sprint 6                                                                                                                                                                                                                                                                                                                                                                                  0.00    0.00   66.67     33.33
2019 Sprint 3, 2019 Sprint 5                                                                                                                                                                                                                                                                                                                                                                                                                0.00    0.00    0.00    100.00
2019 Sprint 3, 2019 Sprint 5, 2019 Sprint 7                                                                                                                                                                                                                                                                                                                                                                                                 0.00    0.00    0.00    100.00
2019 Sprint 3, 2019 Sprint 5, 2019 Sprint 7, 2019 Sprint 11, 2019 Sprint 12                                                                                                                                                                                                                                                                                                                                                                 0.00    0.00    0.00    100.00
2019 Sprint 3, 2019 Sprint 5, 2019 Sprint 7, 2019 Sprint 11, 2019 Sprint 12, 2019 Sprint 13, 2019 Sprint 14, 2019 Sprint 16, 2019 Sprint 20                                                                                                                                                                                                                                                                                                 0.00    0.00    0.00    100.00
2019 Sprint 3, 2019 Sprint 5, 2019 Sprint 7, 2019 Sprint 8                                                                                                                                                                                                                                                                                                                                                                                  0.00    0.00    0.00    100.00
2019 Sprint 4                                                                                                                                                                                                                                                                                                                                                                                                                               0.00   58.33   33.33      8.33
2019 Sprint 4, 2019 Sprint 5                                                                                                                                                                                                                                                                                                                                                                                                                0.00   33.33   66.67      0.00
2019 Sprint 4, 2019 Sprint 5, 2019 Sprint 6                                                                                                                                                                                                                                                                                                                                                                                                 0.00    0.00  100.00      0.00
2019 Sprint 4, 2019 Sprint 5, 2019 Sprint 6, 2019 Sprint 7, 2019 Sprint 8                                                                                                                                                                                                                                                                                                                                                                   0.00    0.00    0.00    100.00
2019 Sprint 4, 2019 Sprint 5, 2019 Sprint 6, 2019 Sprint 7, 2019 Sprint 8, 2019 Sprint 9, 2019 Sprint 10, 2019 Sprint 11, 2019 Sprint 12, 2019 Sprint 13, 2019 Sprint 14                                                                                                                                                                                                                                                                    0.00    0.00    0.00    100.00
2019 Sprint 4, 2019 Sprint 5, 2019 Sprint 6, 2019 Sprint 7, 2019 Sprint 8, 2019 Sprint 9, 2019 Sprint 10, 2019 Sprint 11, 2019 Sprint 12, 2019 Sprint 13, 2019 Sprint 14, 2019 Sprint 15, 2019 Sprint 16, 2019 Sprint 17, 2019 Sprint 18, 2019 Sprint 19, 2019 Sprint 20, 2019 Sprint 21                                                                                                                                                    0.00    0.00    0.00    100.00
2019 Sprint 5                                                                                                                                                                                                                                                                                                                                                                                                                              27.27   36.36   18.18     18.18
2019 Sprint 5, 2019 Sprint 6                                                                                                                                                                                                                                                                                                                                                                                                                0.00    0.00   50.00     50.00
2019 Sprint 5, 2019 Sprint 6, 2019 Sprint 7                                                                                                                                                                                                                                                                                                                                                                                                 0.00    0.00    0.00    100.00
2019 Sprint 5, 2019 Sprint 6, 2019 Sprint 7, 2019 Sprint 8                                                                                                                                                                                                                                                                                                                                                                                  0.00    0.00   50.00     50.00
2019 Sprint 5, 2019 Sprint 6, 2019 Sprint 7, 2019 Sprint 8, 2019 Sprint 9, 2019 Sprint 10                                                                                                                                                                                                                                                                                                                                                   0.00    0.00    0.00    100.00
2019 Sprint 5, 2019 Sprint 6, 2019 Sprint 7, 2019 Sprint 8, 2019 Sprint 9, 2019 Sprint 10, 2019 Sprint 11                                                                                                                                                                                                                                                                                                                                   0.00    0.00    0.00    100.00
2019 Sprint 5, 2019 Sprint 6, 2019 Sprint 7, 2019 Sprint 8, 2019 Sprint 9, 2019 Sprint 10, 2019 Sprint 11, 2019 Sprint 12                                                                                                                                                                                                                                                                                                                   0.00    0.00    0.00    100.00
2019 Sprint 5, 2019 Sprint 7                                                                                                                                                                                                                                                                                                                                                                                                                0.00    0.00    0.00    100.00
2019 Sprint 6                                                                                                                                                                                                                                                                                                                                                                                                                               0.00    0.00  100.00      0.00
2019 Sprint 6, 2019 Sprint 7                                                                                                                                                                                                                                                                                                                                                                                                                0.00    0.00  100.00      0.00
2019 Sprint 6, 2019 Sprint 7, 2019 Sprint 8                                                                                                                                                                                                                                                                                                                                                                                                 0.00    0.00   50.00     50.00
2019 Sprint 6, 2019 Sprint 7, 2019 Sprint 8, 2019 Sprint 9                                                                                                                                                                                                                                                                                                                                                                                  0.00    0.00  100.00      0.00
2019 Sprint 6, 2019 Sprint 7, 2019 Sprint 8, 2019 Sprint 9, 2019 Sprint 10, 2019 Sprint 11, 2019 Sprint 12, 2019 Sprint 13, 2019 Sprint 14, 2019 Sprint 15, 2019 Sprint 16                                                                                                                                                                                                                                                                  0.00    0.00    0.00    100.00
2019 Sprint 6, 2019 Sprint 7, 2019 Sprint 8, 2019 Sprint 9, 2019 Sprint 10, 2019 Sprint 11, 2019 Sprint 12, 2019 Sprint 13, 2019 Sprint 14, 2019 Sprint 15, 2019 Sprint 16, 2019 Sprint 17, 2019 Sprint 18, 2019 Sprint 19, 2019 Sprint 20, 2019 Sprint 21, 2019 Sprint 22, 2019 Sprint 23, 2019 Sprint 24                                                                                                                                  0.00    0.00    0.00    100.00
2019 Sprint 6, 2019 Sprint 7, 2019 Sprint 8, 2019 Sprint 9, 2019 Sprint 10, 2019 Sprint 11, 2019 Sprint 12, 2019 Sprint 13, 2019 Sprint 14, 2019 Sprint 15, 2019 Sprint 16, 2019 Sprint 17, 2019 Sprint 18, 2019 Sprint 19, 2019 Sprint 20, 2019 Sprint 21, 2019 Sprint 22, 2019 Sprint 23, 2019 Sprint 24, 2020 Sprint 6, 2020 Sprint 7                                                                                                    0.00    0.00    0.00    100.00
2019 Sprint 7                                                                                                                                                                                                                                                                                                                                                                                                                               0.00   23.53   70.59      5.88
2019 Sprint 7, 2019 Sprint 8                                                                                                                                                                                                                                                                                                                                                                                                                0.00    0.00  100.00      0.00
2019 Sprint 7, 2019 Sprint 8, 2019 Sprint 9                                                                                                                                                                                                                                                                                                                                                                                                 0.00    0.00  100.00      0.00
2019 Sprint 8                                                                                                                                                                                                                                                                                                                                                                                                                               0.00   64.29   21.43     14.29
2019 Sprint 8, 2019 Sprint 9                                                                                                                                                                                                                                                                                                                                                                                                                0.00   66.67   33.33      0.00
2019 Sprint 8, 2019 Sprint 9, 2019 Sprint 10                                                                                                                                                                                                                                                                                                                                                                                                0.00    0.00  100.00      0.00
2019 Sprint 9                                                                                                                                                                                                                                                                                                                                                                                                                              30.00   70.00    0.00      0.00
2020 Sprint 1                                                                                                                                                                                                                                                                                                                                                                                                                               0.00   26.67   46.67     26.67
2020 Sprint 1, 2020 Sprint 2                                                                                                                                                                                                                                                                                                                                                                                                                0.00    0.00   66.67     33.33
2020 Sprint 1, 2020 Sprint 2, 2020 Sprint 3                                                                                                                                                                                                                                                                                                                                                                                                 0.00    0.00    0.00    100.00
2020 Sprint 1, 2020 Sprint 2, 2020 Sprint 3, 2020 Sprint 9, 2020 Sprint 10, 2020 Sprint 11, 2020 Sprint 12                                                                                                                                                                                                                                                                                                                                  0.00    0.00    0.00    100.00
2020 Sprint 1, 2020 Sprint 2, 2020 Sprint 3, 2020 Sprint 9, 2020 Sprint 10, 2020 Sprint 11, 2020 Sprint 12, 2020 Sprint 13, 2020 Sprint 14, 2020 Sprint 15                                                                                                                                                                                                                                                                                  0.00    0.00    0.00    100.00
2020 Sprint 10                                                                                                                                                                                                                                                                                                                                                                                                                              9.52    0.00   38.10     52.38
2020 Sprint 10, 2020 Sprint 11                                                                                                                                                                                                                                                                                                                                                                                                              0.00    0.00   37.50     62.50
2020 Sprint 10, 2020 Sprint 11, 2020 Sprint 12                                                                                                                                                                                                                                                                                                                                                                                              0.00    0.00    0.00    100.00
2020 Sprint 10, 2020 Sprint 11, 2020 Sprint 12, 2020 Sprint 13                                                                                                                                                                                                                                                                                                                                                                              0.00    0.00   75.00     25.00
2020 Sprint 10, 2020 Sprint 11, 2020 Sprint 12, 2020 Sprint 13, 2020 Sprint 14, 2020 Sprint 15                                                                                                                                                                                                                                                                                                                                              0.00    0.00    0.00    100.00
2020 Sprint 10, 2020 Sprint 11, 2020 Sprint 12, 2020 Sprint 13, 2020 Sprint 14, 2020 Sprint 15, 2020 Sprint 16, 2020 Sprint 17, 2020 Sprint 18                                                                                                                                                                                                                                                                                              0.00    0.00    0.00    100.00
2020 Sprint 11                                                                                                                                                                                                                                                                                                                                                                                                                              0.00   69.23    7.69     23.08
2020 Sprint 11, 2020 Sprint 12                                                                                                                                                                                                                                                                                                                                                                                                              0.00    0.00   50.00     50.00
2020 Sprint 11, 2020 Sprint 12, 2020 Sprint 13                                                                                                                                                                                                                                                                                                                                                                                              0.00    0.00   50.00     50.00
2020 Sprint 11, 2020 Sprint 12, 2020 Sprint 13, 2020 Sprint 14                                                                                                                                                                                                                                                                                                                                                                              0.00    0.00   25.00     75.00
2020 Sprint 11, 2020 Sprint 12, 2020 Sprint 13, 2020 Sprint 14, 2020 Sprint 15, 2020 Sprint 16, 2020 Sprint 17                                                                                                                                                                                                                                                                                                                              0.00    0.00    0.00    100.00
2020 Sprint 11, 2020 Sprint 12, 2020 Sprint 13, 2020 Sprint 14, 2020 Sprint 15, 2020 Sprint 16, 2020 Sprint 17, 2020 Sprint 18, 2020 Sprint 19, 2020 Sprint 20                                                                                                                                                                                                                                                                              0.00    0.00    0.00    100.00
2020 Sprint 12                                                                                                                                                                                                                                                                                                                                                                                                                              0.00   75.00   25.00      0.00
2020 Sprint 12, 2020 Sprint 13                                                                                                                                                                                                                                                                                                                                                                                                              0.00  100.00    0.00      0.00
2020 Sprint 13                                                                                                                                                                                                                                                                                                                                                                                                                              0.00    8.33   33.33     58.33
2020 Sprint 13, 2020 Sprint 14                                                                                                                                                                                                                                                                                                                                                                                                              0.00    0.00   42.86     57.14
2020 Sprint 13, 2020 Sprint 14, 2020 Sprint 15                                                                                                                                                                                                                                                                                                                                                                                              0.00    0.00   33.33     66.67
2020 Sprint 13, 2020 Sprint 14, 2020 Sprint 15, 2020 Sprint 16, 2020 Sprint 17                                                                                                                                                                                                                                                                                                                                                              0.00    0.00   33.33     66.67
2020 Sprint 13, 2020 Sprint 14, 2020 Sprint 15, 2020 Sprint 16, 2020 Sprint 17, 2020 Sprint 18, 2020 Sprint 19, 2020 Sprint 20                                                                                                                                                                                                                                                                                                              0.00    0.00    0.00    100.00
2020 Sprint 14                                                                                                                                                                                                                                                                                                                                                                                                                              0.00   43.75   43.75     12.50
2020 Sprint 14, 2020 Sprint 15                                                                                                                                                                                                                                                                                                                                                                                                              0.00   25.00   25.00     50.00
2020 Sprint 14, 2020 Sprint 15, 2020 Sprint 16                                                                                                                                                                                                                                                                                                                                                                                              0.00    0.00   50.00     50.00
2020 Sprint 14, 2020 Sprint 15, 2020 Sprint 16, 2020 Sprint 17                                                                                                                                                                                                                                                                                                                                                                              0.00    0.00    0.00    100.00
2020 Sprint 15                                                                                                                                                                                                                                                                                                                                                                                                                              0.00    0.00  100.00      0.00
2020 Sprint 15, 2020 Sprint 16                                                                                                                                                                                                                                                                                                                                                                                                              0.00    0.00  100.00      0.00
2020 Sprint 15, 2020 Sprint 16, 2020 Sprint 17                                                                                                                                                                                                                                                                                                                                                                                              0.00    0.00  100.00      0.00
2020 Sprint 15, 2020 Sprint 16, 2020 Sprint 17, 2020 Sprint 18, 2020 Sprint 19                                                                                                                                                                                                                                                                                                                                                              0.00    0.00  100.00      0.00
2020 Sprint 16                                                                                                                                                                                                                                                                                                                                                                                                                              0.00  100.00    0.00      0.00
2020 Sprint 16, 2020 Sprint 17                                                                                                                                                                                                                                                                                                                                                                                                              0.00  100.00    0.00      0.00
2020 Sprint 17                                                                                                                                                                                                                                                                                                                                                                                                                              0.00   50.00   50.00      0.00
2020 Sprint 17, 2020 Sprint 18, 2020 Sprint 19                                                                                                                                                                                                                                                                                                                                                                                              0.00    0.00  100.00      0.00
2020 Sprint 18                                                                                                                                                                                                                                                                                                                                                                                                                              0.00  100.00    0.00      0.00
2020 Sprint 18, 2020 Sprint 19                                                                                                                                                                                                                                                                                                                                                                                                              0.00  100.00    0.00      0.00
2020 Sprint 18, 2020 Sprint 19, 2020 Sprint 20                                                                                                                                                                                                                                                                                                                                                                                              0.00  100.00    0.00      0.00
2020 Sprint 19                                                                                                                                                                                                                                                                                                                                                                                                                              0.00  100.00    0.00      0.00
2020 Sprint 19, 2020 Sprint 20                                                                                                                                                                                                                                                                                                                                                                                                              0.00  100.00    0.00      0.00
2020 Sprint 2                                                                                                                                                                                                                                                                                                                                                                                                                               0.00   89.47    0.00     10.53
2020 Sprint 2, 2020 Sprint 3                                                                                                                                                                                                                                                                                                                                                                                                                0.00    0.00    0.00    100.00
2020 Sprint 2, 2020 Sprint 3, 2020 Sprint 9, 2020 Sprint 10, 2020 Sprint 11                                                                                                                                                                                                                                                                                                                                                                 0.00    0.00    0.00    100.00
2020 Sprint 21                                                                                                                                                                                                                                                                                                                                                                                                                            100.00    0.00    0.00      0.00
2020 Sprint 3                                                                                                                                                                                                                                                                                                                                                                                                                               0.00    0.00    0.00    100.00
2020 Sprint 3, 2020 Sprint 9                                                                                                                                                                                                                                                                                                                                                                                                                0.00    0.00    0.00    100.00
2020 Sprint 3, 2020 Sprint 9, 2020 Sprint 10                                                                                                                                                                                                                                                                                                                                                                                                0.00    0.00    0.00    100.00
2020 Sprint 4                                                                                                                                                                                                                                                                                                                                                                                                                               0.00   17.39   39.13     43.48
2020 Sprint 4, 2020 Sprint 5                                                                                                                                                                                                                                                                                                                                                                                                                0.00    0.00   60.00     40.00
2020 Sprint 4, 2020 Sprint 5, 2020 Sprint 6                                                                                                                                                                                                                                                                                                                                                                                                 0.00    0.00  100.00      0.00
2020 Sprint 4, 2020 Sprint 5, 2020 Sprint 6, 2020 Sprint 7                                                                                                                                                                                                                                                                                                                                                                                  0.00    0.00  100.00      0.00
2020 Sprint 4, 2020 Sprint 5, 2020 Sprint 8                                                                                                                                                                                                                                                                                                                                                                                                 0.00    0.00  100.00      0.00
2020 Sprint 4, 2020 Sprint 6                                                                                                                                                                                                                                                                                                                                                                                                                0.00    0.00    0.00    100.00
2020 Sprint 5                                                                                                                                                                                                                                                                                                                                                                                                                               0.00   16.67   83.33      0.00
2020 Sprint 5, 2020 Sprint 6                                                                                                                                                                                                                                                                                                                                                                                                                0.00   14.29   85.71      0.00
2020 Sprint 5, 2020 Sprint 6, 2020 Sprint 7                                                                                                                                                                                                                                                                                                                                                                                                 0.00    0.00    0.00    100.00
2020 Sprint 6                                                                                                                                                                                                                                                                                                                                                                                                                               0.00   40.00    0.00     60.00
2020 Sprint 6, 2020 Sprint 18                                                                                                                                                                                                                                                                                                                                                                                                               0.00    0.00    0.00    100.00
2020 Sprint 6, 2020 Sprint 7                                                                                                                                                                                                                                                                                                                                                                                                                0.00  100.00    0.00      0.00
2020 Sprint 7                                                                                                                                                                                                                                                                                                                                                                                                                               0.00   33.33   66.67      0.00
2020 Sprint 8                                                                                                                                                                                                                                                                                                                                                                                                                               0.00   90.91    0.00      9.09
2020 Sprint 8, 2020 Sprint 9                                                                                                                                                                                                                                                                                                                                                                                                                0.00    0.00   66.67     33.33
2020 Sprint 8, 2020 Sprint 9, 2020 Sprint 10                                                                                                                                                                                                                                                                                                                                                                                                0.00    0.00    0.00    100.00
2020 Sprint 8, 2020 Sprint 9, 2020 Sprint 10, 2020 Sprint 11                                                                                                                                                                                                                                                                                                                                                                                0.00    0.00   80.00     20.00
2020 Sprint 8, 2020 Sprint 9, 2020 Sprint 10, 2020 Sprint 11, 2020 Sprint 12, 2020 Sprint 13, 2020 Sprint 14                                                                                                                                                                                                                                                                                                                                0.00    0.00    0.00    100.00
2020 Sprint 8, 2020 Sprint 9, 2020 Sprint 10, 2020 Sprint 11, 2020 Sprint 12, 2020 Sprint 13, 2020 Sprint 14, 2020 Sprint 15, 2020 Sprint 16, 2020 Sprint 17                                                                                                                                                                                                                                                                                0.00    0.00    0.00    100.00
2020 Sprint 9                                                                                                                                                                                                                                                                                                                                                                                                                               0.00   19.05    0.00     80.95
2020 Sprint 9, 2020 Sprint 10                                                                                                                                                                                                                                                                                                                                                                                                               0.00    0.00    0.00    100.00
2020 Sprint 9, 2020 Sprint 10, 2020 Sprint 11                                                                                                                                                                                                                                                                                                                                                                                               0.00    0.00    0.00    100.00
2020 Sprint 9, 2020 Sprint 10, 2020 Sprint 11, 2020 Sprint 12                                                                                                                                                                                                                                                                                                                                                                               0.00    0.00    0.00    100.00
2020 Sprint 9, 2020 Sprint 10, 2020 Sprint 11, 2020 Sprint 12, 2020 Sprint 13                                                                                                                                                                                                                                                                                                                                                               0.00    0.00    0.00    100.00
2020 Sprint 9, 2020 Sprint 10, 2020 Sprint 11, 2020 Sprint 12, 2020 Sprint 13, 2020 Sprint 14                                                                                                                                                                                                                                                                                                                                               0.00    0.00    0.00    100.00
2020 Sprint 9, 2020 Sprint 10, 2020 Sprint 11, 2020 Sprint 12, 2020 Sprint 13, 2020 Sprint 14, 2020 Sprint 15                                                                                                                                                                                                                                                                                                                               0.00    0.00    0.00    100.00
2020 Sprint 9, 2020 Sprint 10, 2020 Sprint 11, 2020 Sprint 12, 2020 Sprint 13, 2020 Sprint 14, 2020 Sprint 15, 2020 Sprint 16, 2020 Sprint 17                                                                                                                                                                                                                                                                                               0.00    0.00    0.00    100.00
3 New Musketeers!                                                                                                                                                                                                                                                                                                                                                                                                                           0.00    0.00  100.00      0.00
3.9 release work board                                                                                                                                                                                                                                                                                                                                                                                                                      0.00   75.00   25.00      0.00
3.9 release work board, 4.0 holding pattern                                                                                                                                                                                                                                                                                                                                                                                                 0.00  100.00    0.00      0.00
3.9 release work board, 4.0 holding pattern, 4.0 holding pattern 2, 4.0 holding pattern 3                                                                                                                                                                                                                                                                                                                                                   0.00    0.00  100.00      0.00
4.0 holding pattern 3                                                                                                                                                                                                                                                                                                                                                                                                                       0.00   75.00   16.67      8.33
4.0 holding pattern 3, 4.0 holding pattern 4                                                                                                                                                                                                                                                                                                                                                                                                0.00  100.00    0.00      0.00
4.0 holding pattern, 4.0 holding pattern 2                                                                                                                                                                                                                                                                                                                                                                                                  0.00    0.00  100.00      0.00
? WWW                                                                                                                                                                                                                                                                                                                                                                                                                                       0.00    0.00  100.00      0.00
? WWW, ? Xpensive, ? Yogi Bear                                                                                                                                                                                                                                                                                                                                                                                                              0.00    0.00  100.00      0.00
A                                                                                                                                                                                                                                                                                                                                                                                                                                           0.00  100.00    0.00      0.00
AP F20-1 (June)                                                                                                                                                                                                                                                                                                                                                                                                                             0.00    0.00    0.00    100.00
AP F20-2 (July)                                                                                                                                                                                                                                                                                                                                                                                                                             0.00   33.33   44.44     22.22
AP F20-2 (July), AP F20-3 (August)                                                                                                                                                                                                                                                                                                                                                                                                          0.00    0.00   80.00     20.00
AP F20-3 (August)                                                                                                                                                                                                                                                                                                                                                                                                                          15.38    0.00   84.62      0.00
AP F20-3 (August), DB_F20_09                                                                                                                                                                                                                                                                                                                                                                                                                0.00    0.00  100.00      0.00
AP F20-3 (August), DRP F20-3 (Aug)                                                                                                                                                                                                                                                                                                                                                                                                          0.00    0.00  100.00      0.00
AP F20-4 (September)                                                                                                                                                                                                                                                                                                                                                                                                                       57.14   35.71    7.14      0.00
API - 5.6 Sprint 4                                                                                                                                                                                                                                                                                                                                                                                                                          0.00    0.00  100.00      0.00
API - 5.6 Sprint 4, API - 5.6 Sprint 5, API Mini Sprint 6                                                                                                                                                                                                                                                                                                                                                                                   0.00    0.00  100.00      0.00
API - 5.6 Sprint 5                                                                                                                                                                                                                                                                                                                                                                                                                          0.00  100.00    0.00      0.00
API - Connect 1.0 - Sprint 1                                                                                                                                                                                                                                                                                                                                                                                                                0.00    0.00    0.00    100.00
API - Connect 1.0 - Sprint 1, API - Connect 1.0 - Sprint 2                                                                                                                                                                                                                                                                                                                                                                                  0.00    0.00    0.00    100.00
API - Connect 1.0 - Sprint 1, API - Connect 1.0 - Sprint 2, API - REST 1.1 - Sprint 3                                                                                                                                                                                                                                                                                                                                                       0.00    0.00    0.00    100.00
API - Connect 1.0 - Sprint 1, API - Connect 1.0 - Sprint 2, API - REST 1.1 - Sprint 3, API - Road to 5.5 - Sprint 1, API - Road to 5.5 - Sprint 2                                                                                                                                                                                                                                                                                           0.00    0.00    0.00    100.00
Activity Sprint 10                                                                                                                                                                                                                                                                                                                                                                                                                          0.00    0.00  100.00      0.00
Activity Sprint 11                                                                                                                                                                                                                                                                                                                                                                                                                          0.00   70.00   30.00      0.00
Activity Sprint 7                                                                                                                                                                                                                                                                                                                                                                                                                           0.00  100.00    0.00      0.00
Activity Sprint 8                                                                                                                                                                                                                                                                                                                                                                                                                           0.00   60.00   40.00      0.00
Activity Sprint 8, Activity Sprint 9                                                                                                                                                                                                                                                                                                                                                                                                        0.00    0.00  100.00      0.00
Activity Sprint 9                                                                                                                                                                                                                                                                                                                                                                                                                           0.00   28.57   71.43      0.00
Activity Sprint 9, Activity Sprint 10                                                                                                                                                                                                                                                                                                                                                                                                       0.00    0.00  100.00      0.00
Activity Sprint 9, Activity Sprint 10, Activity Sprint 11, Moodlenet massive mop-up                                                                                                                                                                                                                                                                                                                                                         0.00    0.00  100.00      0.00
All for One                                                                                                                                                                                                                                                                                                                                                                                                                                 0.00  100.00    0.00      0.00
Arsenic                                                                                                                                                                                                                                                                                                                                                                                                                                     0.00    0.00  100.00      0.00
Azure Migration                                                                                                                                                                                                                                                                                                                                                                                                                            44.44   33.33   11.11     11.11
Azure Test Cases                                                                                                                                                                                                                                                                                                                                                                                                                            0.00  100.00    0.00      0.00
B                                                                                                                                                                                                                                                                                                                                                                                                                                           0.00  100.00    0.00      0.00
Batman fights Gotham crime                                                                                                                                                                                                                                                                                                                                                                                                                  0.00    0.00   75.00     25.00
Botulinum toxin                                                                                                                                                                                                                                                                                                                                                                                                                             0.00    0.00  100.00      0.00
Botulinum toxin, Cyanide, DDT                                                                                                                                                                                                                                                                                                                                                                                                               0.00    0.00  100.00      0.00
Build 2020-08-10                                                                                                                                                                                                                                                                                                                                                                                                                            0.00  100.00    0.00      0.00
Build 2020-08-24                                                                                                                                                                                                                                                                                                                                                                                                                            0.00  100.00    0.00      0.00
CC Softserve 22 - WFH sprint 3                                                                                                                                                                                                                                                                                                                                                                                                              0.00  100.00    0.00      0.00
CC Softserve 24 - WFH sprint 5                                                                                                                                                                                                                                                                                                                                                                                                              0.00    0.00    0.00    100.00
CC Softserve 25 - WFH sprint 6                                                                                                                                                                                                                                                                                                                                                                                                              0.00    0.00    0.00    100.00
Confident Crab                                                                                                                                                                                                                                                                                                                                                                                                                              0.00    0.00    0.00    100.00
Core OD-39                                                                                                                                                                                                                                                                                                                                                                                                                                  0.00  100.00    0.00      0.00
Core Sprint 18                                                                                                                                                                                                                                                                                                                                                                                                                              0.00    0.00  100.00      0.00
Core Sprint 18, API - Connect 1.0 - Sprint 1                                                                                                                                                                                                                                                                                                                                                                                                0.00    0.00  100.00      0.00
Current                                                                                                                                                                                                                                                                                                                                                                                                                                     0.00  100.00    0.00      0.00
Current Work                                                                                                                                                                                                                                                                                                                                                                                                                                0.00   66.67    0.00     33.33
Current and Hot                                                                                                                                                                                                                                                                                                                                                                                                                             0.00    0.00    0.00    100.00
Cyanide                                                                                                                                                                                                                                                                                                                                                                                                                                     0.00  100.00    0.00      0.00
Cyanide, DDT                                                                                                                                                                                                                                                                                                                                                                                                                                0.00  100.00    0.00      0.00
DAG 2020-10-19                                                                                                                                                                                                                                                                                                                                                                                                                            100.00    0.00    0.00      0.00
DB_F20_06                                                                                                                                                                                                                                                                                                                                                                                                                                   0.00   76.47   23.53      0.00
DRP F20-1 (June)                                                                                                                                                                                                                                                                                                                                                                                                                            0.00   18.75   62.50     18.75
DRP F20-1 (June), DRP F20-2 (July)                                                                                                                                                                                                                                                                                                                                                                                                          0.00    0.00   66.67     33.33
DRP F20-1 (June), DRP F20-2 (July), DRP F20-3 (Aug)                                                                                                                                                                                                                                                                                                                                                                                         0.00    0.00    0.00    100.00
DRP F20-2 (July)                                                                                                                                                                                                                                                                                                                                                                                                                            0.00   42.86   57.14      0.00
DRP F20-3 (Aug)                                                                                                                                                                                                                                                                                                                                                                                                                             0.00   72.73   27.27      0.00
DRP S20-6 (May)                                                                                                                                                                                                                                                                                                                                                                                                                             0.00  100.00    0.00      0.00
Denmark?                                                                                                                                                                                                                                                                                                                                                                                                                                    0.00    0.00    0.00    100.00
Dev Platform 2020-08-10                                                                                                                                                                                                                                                                                                                                                                                                                     0.00    0.00  100.00      0.00
Dev Platform 2020-08-10, Dev Platform 2020-08-24                                                                                                                                                                                                                                                                                                                                                                                            0.00   50.00   50.00      0.00
Dev Platform 2020-08-10, Dev Platform 2020-09-07                                                                                                                                                                                                                                                                                                                                                                                            0.00  100.00    0.00      0.00
Dev Platform 2020-08-24                                                                                                                                                                                                                                                                                                                                                                                                                     0.00   70.00   30.00      0.00
Dev Platform 2020-09-07                                                                                                                                                                                                                                                                                                                                                                                                                     0.00    0.00  100.00      0.00
Dev Platform 2020-09-07, Dev Platform 2020-09-21                                                                                                                                                                                                                                                                                                                                                                                            0.00    0.00  100.00      0.00
Dev Platform 2020-09-21                                                                                                                                                                                                                                                                                                                                                                                                                    37.50   25.00   37.50      0.00
Dev Platform 2020-10-05                                                                                                                                                                                                                                                                                                                                                                                                                    50.00    0.00   50.00      0.00
Dirty Elephants                                                                                                                                                                                                                                                                                                                                                                                                                             0.00    0.00  100.00      0.00
Dumpster Dogs                                                                                                                                                                                                                                                                                                                                                                                                                               0.00    0.00  100.00      0.00
Dumpster Dogs, Mountain Lion                                                                                                                                                                                                                                                                                                                                                                                                                0.00    0.00  100.00      0.00
Enchanting Ferrets                                                                                                                                                                                                                                                                                                                                                                                                                          0.00    0.00  100.00      0.00
Enchanting Ferrets, Green Hedgehogs                                                                                                                                                                                                                                                                                                                                                                                                         0.00    0.00  100.00      0.00
Eng Health - Q2                                                                                                                                                                                                                                                                                                                                                                                                                             0.00   66.67   33.33      0.00
Evergreen 2020-07-13                                                                                                                                                                                                                                                                                                                                                                                                                        0.00    0.00    0.00    100.00
Evergreen 2020-09-21                                                                                                                                                                                                                                                                                                                                                                                                                      100.00    0.00    0.00      0.00
Evergreen 2020-10-19                                                                                                                                                                                                                                                                                                                                                                                                                      100.00    0.00    0.00      0.00
Execution Team 2020-07-27                                                                                                                                                                                                                                                                                                                                                                                                                   0.00  100.00    0.00      0.00
Execution Team 2020-07-27, Execution Team 2020-08-10                                                                                                                                                                                                                                                                                                                                                                                        0.00  100.00    0.00      0.00
Execution Team 2020-08-10                                                                                                                                                                                                                                                                                                                                                                                                                  40.00    0.00   60.00      0.00
Execution Team 2020-08-10, Execution Team 2020-08-24                                                                                                                                                                                                                                                                                                                                                                                        0.00    0.00  100.00      0.00
Execution Team 2020-08-10, Execution Team 2020-09-07, Execution Team 2020-09-21                                                                                                                                                                                                                                                                                                                                                             0.00    0.00  100.00      0.00
Execution Team 2020-08-24                                                                                                                                                                                                                                                                                                                                                                                                                   0.00   70.59   29.41      0.00
Execution Team 2020-08-24, Execution Team 2020-09-07                                                                                                                                                                                                                                                                                                                                                                                        0.00   50.00   50.00      0.00
Execution Team 2020-08-24, Execution Team 2020-09-07, Execution Team 2020-09-21                                                                                                                                                                                                                                                                                                                                                             0.00    0.00  100.00      0.00
Execution Team 2020-08-24, Execution Team 2020-09-07, Execution Team 2020-09-21, Execution Team 2020-10-05                                                                                                                                                                                                                                                                                                                                  0.00    0.00  100.00      0.00
Execution Team 2020-09-07                                                                                                                                                                                                                                                                                                                                                                                                                   0.00   35.29   64.71      0.00
Execution Team 2020-09-07, Execution Team 2020-09-21                                                                                                                                                                                                                                                                                                                                                                                        0.00    0.00  100.00      0.00
Execution Team 2020-09-07, Execution Team 2020-09-21, Execution Team 2020-10-05                                                                                                                                                                                                                                                                                                                                                             0.00    0.00  100.00      0.00
Execution Team 2020-09-21                                                                                                                                                                                                                                                                                                                                                                                                                  33.33   57.14    9.52      0.00
Execution Team 2020-09-21, Execution Team 2020-10-05                                                                                                                                                                                                                                                                                                                                                                                        0.00    0.00  100.00      0.00
Execution Team 2020-10-05                                                                                                                                                                                                                                                                                                                                                                                                                  12.50   87.50    0.00      0.00
Execution Team 2020-10-19                                                                                                                                                                                                                                                                                                                                                                                                                  37.50   50.00   12.50      0.00
Execution Team 2020-11-02                                                                                                                                                                                                                                                                                                                                                                                                                   0.00    0.00  100.00      0.00
Finish the quarter                                                                                                                                                                                                                                                                                                                                                                                                                          0.00  100.00    0.00      0.00
Flumey Woomey                                                                                                                                                                                                                                                                                                                                                                                                                               0.00    0.00    0.00    100.00
Gallium trichloride                                                                                                                                                                                                                                                                                                                                                                                                                        50.00    0.00   50.00      0.00
Gallium trichloride, Hydrochloric acid                                                                                                                                                                                                                                                                                                                                                                                                      0.00    0.00  100.00      0.00
Gatekeeper Sprint 3                                                                                                                                                                                                                                                                                                                                                                                                                         0.00    0.00    0.00    100.00
Gatekeeper Sprint 3, Gatekeeper Sprint 8                                                                                                                                                                                                                                                                                                                                                                                                    0.00    0.00    0.00    100.00
Gatekeeper Sprint 7                                                                                                                                                                                                                                                                                                                                                                                                                         0.00    0.00    0.00    100.00
Gatekeeper Sprint 7, Gatekeeper Sprint 8                                                                                                                                                                                                                                                                                                                                                                                                    0.00    0.00    0.00    100.00
HGs                                                                                                                                                                                                                                                                                                                                                                                                                                         0.00    0.00   75.00     25.00
HGs, Iso Houso                                                                                                                                                                                                                                                                                                                                                                                                                              0.00    0.00  100.00      0.00
HGs, Iso Houso, Jazza and the boys                                                                                                                                                                                                                                                                                                                                                                                                          0.00    0.00  100.00      0.00
Happy Gilmore                                                                                                                                                                                                                                                                                                                                                                                                                               0.00    0.00    0.00    100.00
Hydrochloric acid                                                                                                                                                                                                                                                                                                                                                                                                                           0.00    0.00  100.00      0.00
Hydrochloric acid, Isopropylamine                                                                                                                                                                                                                                                                                                                                                                                                           0.00    0.00  100.00      0.00
IPM Sprint 1                                                                                                                                                                                                                                                                                                                                                                                                                                0.00    0.00    0.00    100.00
Ilsa Lund                                                                                                                                                                                                                                                                                                                                                                                                                                   0.00    0.00  100.00      0.00
Ilsa Lund, John Wick                                                                                                                                                                                                                                                                                                                                                                                                                        0.00    0.00  100.00      0.00
In Progress                                                                                                                                                                                                                                                                                                                                                                                                                                20.00   60.00    0.00     20.00
Inter-team Jackalope ?                                                                                                                                                                                                                                                                                                                                                                                                                      0.00   25.00   75.00      0.00
Inter-team Jackalope ?, Jumping Kangaroo ?                                                                                                                                                                                                                                                                                                                                                                                                  0.00    0.00  100.00      0.00
International 3.9 - Sprint 5                                                                                                                                                                                                                                                                                                                                                                                                                0.00   66.67   33.33      0.00
International 3.9 - Sprint 5, International 3.9 - Sprint 6                                                                                                                                                                                                                                                                                                                                                                                  0.00    0.00  100.00      0.00
International 3.9 - Sprint 6                                                                                                                                                                                                                                                                                                                                                                                                                0.00   50.00   50.00      0.00
International 3.9 - Sprint 6, International 3.9 - Sprint 7                                                                                                                                                                                                                                                                                                                                                                                  0.00    0.00  100.00      0.00
International 3.9 - Sprint 6, International 3.9 - Sprint 8                                                                                                                                                                                                                                                                                                                                                                                  0.00    0.00  100.00      0.00
International 3.9 - Sprint 8                                                                                                                                                                                                                                                                                                                                                                                                                0.00   33.33   66.67      0.00
International 3.9 - Sprint 9                                                                                                                                                                                                                                                                                                                                                                                                                0.00    0.00  100.00      0.00
International 4.0 - Sprint 1                                                                                                                                                                                                                                                                                                                                                                                                                0.00   44.44   11.11     44.44
International 4.0 - Sprint 1, International 4.0 - Sprint 2                                                                                                                                                                                                                                                                                                                                                                                  0.00    0.00    0.00    100.00
International 4.0 - Sprint 1, International 4.0 - Sprint 2, International 4.0 - Sprint 3                                                                                                                                                                                                                                                                                                                                                    0.00    0.00    0.00    100.00
International 4.0 - Sprint 2                                                                                                                                                                                                                                                                                                                                                                                                                0.00   25.00   75.00      0.00
International 4.0 - Sprint 2, International 4.0 - Sprint 3                                                                                                                                                                                                                                                                                                                                                                                  0.00    0.00  100.00      0.00
International 4.0 - Sprint 2, International 4.0 - Sprint 3, International 4.0 - Sprint 4                                                                                                                                                                                                                                                                                                                                                    0.00    0.00  100.00      0.00
International 4.0 - Sprint 3                                                                                                                                                                                                                                                                                                                                                                                                                0.00    0.00    0.00    100.00
International 4.0 - Sprint 4                                                                                                                                                                                                                                                                                                                                                                                                                0.00   28.57   71.43      0.00
International 4.0 - Sprint 5                                                                                                                                                                                                                                                                                                                                                                                                                0.00    0.00  100.00      0.00
International 4.0 - Sprint 5, International 4.0 - Sprint 6                                                                                                                                                                                                                                                                                                                                                                                  0.00    0.00  100.00      0.00
International 4.0 - Sprint 6                                                                                                                                                                                                                                                                                                                                                                                                                0.00   22.22   77.78      0.00
Iso Houso                                                                                                                                                                                                                                                                                                                                                                                                                                   0.00    0.00    0.00    100.00
Juncusol diacetate                                                                                                                                                                                                                                                                                                                                                                                                                          0.00    0.00   66.67     33.33
Kissing Llamas ?                                                                                                                                                                                                                                                                                                                                                                                                                            0.00  100.00    0.00      0.00
Leptophos                                                                                                                                                                                                                                                                                                                                                                                                                                 100.00    0.00    0.00      0.00
Lithouse Keepsies                                                                                                                                                                                                                                                                                                                                                                                                                           0.00  100.00    0.00      0.00
Long I/E sprint - Q4                                                                                                                                                                                                                                                                                                                                                                                                                        0.00  100.00    0.00      0.00
Long I/E sprint - Q4, January 13-24                                                                                                                                                                                                                                                                                                                                                                                                         0.00    0.00    0.00    100.00
Long I/E sprint - Q4, January 13-24, Feb 10 - Feb 21, Feb 24 - March 9                                                                                                                                                                                                                                                                                                                                                                      0.00    0.00    0.00    100.00
Mamba                                                                                                                                                                                                                                                                                                                                                                                                                                     100.00    0.00    0.00      0.00
Marbles!                                                                                                                                                                                                                                                                                                                                                                                                                                    0.00    0.00    0.00    100.00
Marbles!, Denmark?                                                                                                                                                                                                                                                                                                                                                                                                                          0.00    0.00    0.00    100.00
Marbles!, Denmark?, Usain Bolt, 3 New Musketeers!                                                                                                                                                                                                                                                                                                                                                                                           0.00    0.00    0.00    100.00
March 23 - March 30                                                                                                                                                                                                                                                                                                                                                                                                                         0.00   66.67   33.33      0.00
Martini                                                                                                                                                                                                                                                                                                                                                                                                                                     0.00    0.00  100.00      0.00
Moodle 3.9 - Moppies Kanban                                                                                                                                                                                                                                                                                                                                                                                                                 0.00    0.00    0.00    100.00
Moodlenet massive mess mop-up                                                                                                                                                                                                                                                                                                                                                                                                               0.00  100.00    0.00      0.00
Moodlenet massive mop-up                                                                                                                                                                                                                                                                                                                                                                                                                    0.00   66.67   33.33      0.00
Moodlenet massive mop-up 2                                                                                                                                                                                                                                                                                                                                                                                                                  0.00    0.00  100.00      0.00
Mutating Nematodes ?                                                                                                                                                                                                                                                                                                                                                                                                                        0.00    0.00  100.00      0.00
Mutating Nematodes ?, Napping Orangutans ??                                                                                                                                                                                                                                                                                                                                                                                                 0.00    0.00  100.00      0.00
Next Items- Ledger                                                                                                                                                                                                                                                                                                                                                                                                                          0.00    0.00    0.00    100.00
Next Work Items                                                                                                                                                                                                                                                                                                                                                                                                                             0.00   41.67   41.67     16.67
Next Workitems                                                                                                                                                                                                                                                                                                                                                                                                                             22.92   27.08   25.00     25.00
Next sprint                                                                                                                                                                                                                                                                                                                                                                                                                                 0.00  100.00    0.00      0.00
Novichok                                                                                                                                                                                                                                                                                                                                                                                                                                    0.00    0.00  100.00      0.00
Obiwan throws boomerangs well                                                                                                                                                                                                                                                                                                                                                                                                               0.00    0.00    0.00    100.00
Ouabain                                                                                                                                                                                                                                                                                                                                                                                                                                     0.00    0.00    0.00    100.00
Pandemic ?                                                                                                                                                                                                                                                                                                                                                                                                                                  0.00    0.00  100.00      0.00
Piña Colada                                                                                                                                                                                                                                                                                                                                                                                                                                 0.00    0.00    0.00    100.00
Piña Colada, Queen Mary, Red Bull                                                                                                                                                                                                                                                                                                                                                                                                           0.00    0.00    0.00    100.00
Piña Colada, Scotch                                                                                                                                                                                                                                                                                                                                                                                                                         0.00    0.00    0.00    100.00
Postmodern Quail ? ?                                                                                                                                                                                                                                                                                                                                                                                                                        0.00  100.00    0.00      0.00
Prioritized BackLog - old, Dirty Elephants                                                                                                                                                                                                                                                                                                                                                                                                  0.00    0.00  100.00      0.00
Pyrethrum                                                                                                                                                                                                                                                                                                                                                                                                                                   0.00   50.00    0.00     50.00
Q is insanely intelligent                                                                                                                                                                                                                                                                                                                                                                                                                   0.00    0.00  100.00      0.00
Q3 Fabric System Test                                                                                                                                                                                                                                                                                                                                                                                                                       0.00    0.00    0.00    100.00
Quarantini                                                                                                                                                                                                                                                                                                                                                                                                                                  0.00  100.00    0.00      0.00
Queen Mary, Red Bull, Scotch                                                                                                                                                                                                                                                                                                                                                                                                                0.00    0.00    0.00    100.00
Query 2020-07-27                                                                                                                                                                                                                                                                                                                                                                                                                           73.33   26.67    0.00      0.00
Query 2020-08-10                                                                                                                                                                                                                                                                                                                                                                                                                            0.00   53.85   46.15      0.00
Query 2020-08-10, Query 2020-08-24                                                                                                                                                                                                                                                                                                                                                                                                          0.00    0.00  100.00      0.00
Query 2020-08-10, Query 2020-08-24, Query 2020-09-07                                                                                                                                                                                                                                                                                                                                                                                        0.00    0.00  100.00      0.00
Query 2020-08-10, Query 2020-08-24, Query 2020-09-07, Query 2020-09-21                                                                                                                                                                                                                                                                                                                                                                      0.00    0.00  100.00      0.00
Query 2020-08-10, Query 2020-09-07, Query 2020-09-21                                                                                                                                                                                                                                                                                                                                                                                        0.00    0.00  100.00      0.00
Query 2020-08-10, Query 2020-09-07, Query 2020-09-21, Query 2020-10-05                                                                                                                                                                                                                                                                                                                                                                      0.00    0.00  100.00      0.00
Query 2020-08-10, Query 2020-09-21                                                                                                                                                                                                                                                                                                                                                                                                          0.00    0.00  100.00      0.00
Query 2020-08-24                                                                                                                                                                                                                                                                                                                                                                                                                           10.00   73.33   16.67      0.00
Query 2020-08-24, Query 2020-09-07                                                                                                                                                                                                                                                                                                                                                                                                          0.00   20.00   80.00      0.00
Query 2020-08-24, Query 2020-09-07, Query 2020-09-21, Query 2020-10-05                                                                                                                                                                                                                                                                                                                                                                      0.00    0.00  100.00      0.00
Query 2020-08-24, Query 2020-09-07, Query 2020-09-21, Query 2020-10-19                                                                                                                                                                                                                                                                                                                                                                      0.00    0.00  100.00      0.00
Query 2020-09-07                                                                                                                                                                                                                                                                                                                                                                                                                            0.00   70.21   29.79      0.00
Query 2020-09-07, Query 2020-09-21                                                                                                                                                                                                                                                                                                                                                                                                          0.00   20.00   80.00      0.00
Query 2020-09-07, Query 2020-09-21, Query 2020-10-05                                                                                                                                                                                                                                                                                                                                                                                        0.00    0.00  100.00      0.00
Query 2020-09-21                                                                                                                                                                                                                                                                                                                                                                                                                           25.00   55.00   20.00      0.00
Query 2020-09-21, Query 2020-10-05                                                                                                                                                                                                                                                                                                                                                                                                          0.00    0.00  100.00      0.00
Query 2020-10-05                                                                                                                                                                                                                                                                                                                                                                                                                           13.64   36.36   50.00      0.00
Query 2020-10-05, Query 2020-10-19                                                                                                                                                                                                                                                                                                                                                                                                          0.00   75.00   25.00      0.00
Query 2020-10-19                                                                                                                                                                                                                                                                                                                                                                                                                            0.00   72.73   27.27      0.00
Quicksilver                                                                                                                                                                                                                                                                                                                                                                                                                                 0.00    0.00    0.00    100.00
Quicksilver, Ricin                                                                                                                                                                                                                                                                                                                                                                                                                          0.00    0.00    0.00    100.00
Quicksilver, Ricin, Sarin                                                                                                                                                                                                                                                                                                                                                                                                                   0.00    0.00    0.00    100.00
Red Bull                                                                                                                                                                                                                                                                                                                                                                                                                                    0.00    0.00  100.00      0.00
Repl 2020-08-10                                                                                                                                                                                                                                                                                                                                                                                                                             7.89   71.05   21.05      0.00
Repl 2020-08-24                                                                                                                                                                                                                                                                                                                                                                                                                            22.58   25.81   51.61      0.00
Repl 2020-08-24, Repl 2020-09-07                                                                                                                                                                                                                                                                                                                                                                                                            0.00    0.00  100.00      0.00
Repl 2020-08-24, Repl 2020-09-07, Repl 2020-09-21                                                                                                                                                                                                                                                                                                                                                                                           0.00    0.00  100.00      0.00
Repl 2020-08-24, Repl 2020-09-07, Repl 2020-09-21, Repl 2020-10-05                                                                                                                                                                                                                                                                                                                                                                          0.00    0.00  100.00      0.00
Repl 2020-09-07                                                                                                                                                                                                                                                                                                                                                                                                                            17.02   42.55   40.43      0.00
Repl 2020-09-07, Repl 2020-09-21                                                                                                                                                                                                                                                                                                                                                                                                            0.00    0.00  100.00      0.00
Repl 2020-09-07, Repl 2020-09-21, Repl 2020-10-05                                                                                                                                                                                                                                                                                                                                                                                           0.00    0.00  100.00      0.00
Repl 2020-09-21                                                                                                                                                                                                                                                                                                                                                                                                                            10.64    8.51   80.85      0.00
Repl 2020-09-21, Repl 2020-10-05                                                                                                                                                                                                                                                                                                                                                                                                            0.00    0.00  100.00      0.00
Repl 2020-09-21, Repl 2020-10-05, Repl 2020-10-19                                                                                                                                                                                                                                                                                                                                                                                           0.00    0.00  100.00      0.00
Repl 2020-10-05                                                                                                                                                                                                                                                                                                                                                                                                                            20.00   60.00   20.00      0.00
Repl 2020-10-19                                                                                                                                                                                                                                                                                                                                                                                                                            52.63   47.37    0.00      0.00
Ricin                                                                                                                                                                                                                                                                                                                                                                                                                                       0.00    0.00    0.00    100.00
STM 2020-07-27                                                                                                                                                                                                                                                                                                                                                                                                                              0.00    0.00  100.00      0.00
STM 2020-08-10                                                                                                                                                                                                                                                                                                                                                                                                                              0.00   57.14   14.29     28.57
STM 2020-08-10, STM 2020-08-24                                                                                                                                                                                                                                                                                                                                                                                                              0.00    0.00  100.00      0.00
STM 2020-08-10, STM 2020-08-24, STM 2020-09-07                                                                                                                                                                                                                                                                                                                                                                                              0.00    0.00  100.00      0.00
STM 2020-08-24                                                                                                                                                                                                                                                                                                                                                                                                                             57.14   28.57    0.00     14.29
STM 2020-09-07                                                                                                                                                                                                                                                                                                                                                                                                                              0.00   66.67   33.33      0.00
STM 2020-09-07, STM 2020-09-21                                                                                                                                                                                                                                                                                                                                                                                                              0.00    0.00  100.00      0.00
STM 2020-09-21                                                                                                                                                                                                                                                                                                                                                                                                                             28.57   57.14   14.29      0.00
STM 2020-10-05                                                                                                                                                                                                                                                                                                                                                                                                                             22.22   55.56   22.22      0.00
STM 2020-10-19                                                                                                                                                                                                                                                                                                                                                                                                                              0.00   80.00   20.00      0.00
STM 2020-11-02                                                                                                                                                                                                                                                                                                                                                                                                                              0.00    0.00  100.00      0.00
Security 2020-08-10                                                                                                                                                                                                                                                                                                                                                                                                                         0.00   66.67   33.33      0.00
Security 2020-08-10, Security 2020-09-07                                                                                                                                                                                                                                                                                                                                                                                                    0.00    0.00  100.00      0.00
Security 2020-08-10, Security 2020-09-07, Security 2020-09-21, Security 2020-10-05                                                                                                                                                                                                                                                                                                                                                          0.00    0.00  100.00      0.00
Security 2020-08-10, Security 2020-09-07, Security 2020-09-21, Security 2020-10-05, Security 2020-10-19                                                                                                                                                                                                                                                                                                                                     0.00    0.00  100.00      0.00
Security 2020-08-24                                                                                                                                                                                                                                                                                                                                                                                                                         0.00   58.82   41.18      0.00
Security 2020-08-24, Security 2020-09-07                                                                                                                                                                                                                                                                                                                                                                                                    0.00    0.00  100.00      0.00
Security 2020-08-24, Security 2020-09-07, Security 2020-09-21, Security 2020-10-05                                                                                                                                                                                                                                                                                                                                                          0.00    0.00  100.00      0.00
Security 2020-09-07                                                                                                                                                                                                                                                                                                                                                                                                                         0.00   40.00   60.00      0.00
Security 2020-09-21                                                                                                                                                                                                                                                                                                                                                                                                                         0.00   71.43   28.57      0.00
Security 2020-10-05                                                                                                                                                                                                                                                                                                                                                                                                                         0.00   86.67   13.33      0.00
Security 2020-10-19                                                                                                                                                                                                                                                                                                                                                                                                                         0.00    0.00  100.00      0.00
Service Arch 2020-08-10                                                                                                                                                                                                                                                                                                                                                                                                                     0.00   66.67   33.33      0.00
Service Arch 2020-08-10, Service Arch 2020-08-24                                                                                                                                                                                                                                                                                                                                                                                            0.00    0.00  100.00      0.00
Service Arch 2020-08-10, Service Arch 2020-08-24, Service arch 2020-09-07                                                                                                                                                                                                                                                                                                                                                                   0.00    0.00  100.00      0.00
Service Arch 2020-08-24                                                                                                                                                                                                                                                                                                                                                                                                                     0.00  100.00    0.00      0.00
Service arch 2020-09-07                                                                                                                                                                                                                                                                                                                                                                                                                     0.00   87.50   12.50      0.00
Service arch 2020-09-07, Service arch 2020-09-21                                                                                                                                                                                                                                                                                                                                                                                            0.00   66.67   33.33      0.00
Service arch 2020-09-07, Service arch 2020-10-05                                                                                                                                                                                                                                                                                                                                                                                            0.00  100.00    0.00      0.00
Service arch 2020-09-21                                                                                                                                                                                                                                                                                                                                                                                                                     0.00    0.00  100.00      0.00
Service arch 2020-10-05                                                                                                                                                                                                                                                                                                                                                                                                                     0.00   50.00   50.00      0.00
Sharding 2020-07-27                                                                                                                                                                                                                                                                                                                                                                                                                         0.00  100.00    0.00      0.00
Sharding 2020-08-10                                                                                                                                                                                                                                                                                                                                                                                                                        23.53   47.06   29.41      0.00
Sharding 2020-08-10, Sharding 2020-08-24                                                                                                                                                                                                                                                                                                                                                                                                    0.00   33.33   66.67      0.00
Sharding 2020-08-24                                                                                                                                                                                                                                                                                                                                                                                                                         0.00   28.57   71.43      0.00
Sharding 2020-08-24, Sharding 2020-09-07                                                                                                                                                                                                                                                                                                                                                                                                    0.00   25.00   75.00      0.00
Sharding 2020-08-24, Sharding 2020-09-21                                                                                                                                                                                                                                                                                                                                                                                                    0.00    0.00  100.00      0.00
Sharding 2020-08-24, Sharding 2020-09-21, Sharding 2020-10-05                                                                                                                                                                                                                                                                                                                                                                               0.00    0.00  100.00      0.00
Sharding 2020-09-07                                                                                                                                                                                                                                                                                                                                                                                                                         0.00   31.82   68.18      0.00
Sharding 2020-09-21                                                                                                                                                                                                                                                                                                                                                                                                                        49.15   22.03   28.81      0.00
Sharding 2020-09-21, Sharding 2020-10-05                                                                                                                                                                                                                                                                                                                                                                                                    0.00    0.00  100.00      0.00
Sharding 2020-09-21, Sharding 2020-10-05, Sharding 2020-10-19                                                                                                                                                                                                                                                                                                                                                                               0.00    0.00  100.00      0.00
Sharding 2020-10-05                                                                                                                                                                                                                                                                                                                                                                                                                        31.03   55.17   13.79      0.00
Sharding 2020-10-05, Sharding 2020-10-19                                                                                                                                                                                                                                                                                                                                                                                                    0.00  100.00    0.00      0.00
Sharding 2020-10-19                                                                                                                                                                                                                                                                                                                                                                                                                        50.00   30.77   19.23      0.00
Softserve WFH sprint 11                                                                                                                                                                                                                                                                                                                                                                                                                     0.00  100.00    0.00      0.00
SpiderMan                                                                                                                                                                                                                                                                                                                                                                                                                                   0.00    0.00  100.00      0.00
SpiderMan, Pop goes the Weasel                                                                                                                                                                                                                                                                                                                                                                                                              0.00    0.00  100.00      0.00
SpiderMan, Pop goes the Weasel, Pretty Panda                                                                                                                                                                                                                                                                                                                                                                                                0.00    0.00  100.00      0.00
Storage - Ra 2020-09-07                                                                                                                                                                                                                                                                                                                                                                                                                   100.00    0.00    0.00      0.00
Storage - Ra 2020-09-21                                                                                                                                                                                                                                                                                                                                                                                                                     0.00  100.00    0.00      0.00
Superman is super manly                                                                                                                                                                                                                                                                                                                                                                                                                     0.00    0.00  100.00      0.00
Superman is super manly, Thomas da Tank Engine is a cat                                                                                                                                                                                                                                                                                                                                                                                     0.00    0.00  100.00      0.00
TSSW Sprint - Aug 17 - Aug 31                                                                                                                                                                                                                                                                                                                                                                                                              25.00   66.67    8.33      0.00
TSSW Sprint - Aug 3 - Aug 17                                                                                                                                                                                                                                                                                                                                                                                                               10.81   59.46   29.73      0.00
TSSW Sprint - Aug 3 - Aug 17, TSSW Sprint - Aug 17 - Aug 31                                                                                                                                                                                                                                                                                                                                                                                 0.00    0.00  100.00      0.00
TSSW Sprint - Aug 31 - Sep 14                                                                                                                                                                                                                                                                                                                                                                                                               0.00   66.67   33.33      0.00
TSSW Sprint - Aug 31 - Sep 14, TSSW Sprint - Sep 14 - Sep 28                                                                                                                                                                                                                                                                                                                                                                                0.00    0.00  100.00      0.00
TSSW Sprint - Jul 20 - Aug 3                                                                                                                                                                                                                                                                                                                                                                                                               26.92   38.46   34.62      0.00
TSSW Sprint - Jul 20 - Aug 3, TSSW Sprint - Aug 3 - Aug 17                                                                                                                                                                                                                                                                                                                                                                                  0.00    0.00  100.00      0.00
TSSW Sprint - Jul 20 - Aug 3, TSSW Sprint - Aug 3 - Aug 17, TSSW Sprint - Aug 17 - Aug 31                                                                                                                                                                                                                                                                                                                                                   0.00    0.00  100.00      0.00
TSSW Sprint - Jul 20 - Aug 3, TSSW Sprint - Aug 3 - Aug 17, TSSW Sprint - Aug 17 - Aug 31, TSSW Sprint - Aug 31 - Sep 14                                                                                                                                                                                                                                                                                                                    0.00    0.00  100.00      0.00
TSSW Sprint - Jul 6 - Jul 20                                                                                                                                                                                                                                                                                                                                                                                                                0.00   66.67   33.33      0.00
TSSW Sprint - Jul 6 - Jul 20, TSSW Sprint - Aug 3 - Aug 17                                                                                                                                                                                                                                                                                                                                                                                  0.00    0.00  100.00      0.00
TSSW Sprint - Jul 6 - Jul 20, TSSW Sprint - Jul 20 - Aug 3                                                                                                                                                                                                                                                                                                                                                                                  0.00    0.00  100.00      0.00
TSSW Sprint - Jun 22 - Jul 6                                                                                                                                                                                                                                                                                                                                                                                                                0.00   86.11   13.89      0.00
TSSW Sprint - Jun 22 - Jul 6, TSSW Sprint - Jul 6 - Jul 20                                                                                                                                                                                                                                                                                                                                                                                  0.00    0.00  100.00      0.00
TSSW Sprint - Jun 22 - Jul 6, TSSW Sprint - Jul 6 - Jul 20, TSSW Sprint - Jul 20 - Aug 3                                                                                                                                                                                                                                                                                                                                                    0.00    0.00  100.00      0.00
TSSW Sprint - Jun 8 - Jun 22                                                                                                                                                                                                                                                                                                                                                                                                                0.00   40.00   60.00      0.00
TSSW Sprint - Jun 8 - Jun 22, TSSW Sprint - Jun 22 - Jul 6                                                                                                                                                                                                                                                                                                                                                                                  0.00    0.00  100.00      0.00
TSSW Sprint - Jun 8 - Jun 22, TSSW Sprint - Jun 22 - Jul 6, TSSW Sprint - Jul 6 - Jul 20                                                                                                                                                                                                                                                                                                                                                    0.00    0.00  100.00      0.00
TSSW Sprint - Oct 12 - Oct 26                                                                                                                                                                                                                                                                                                                                                                                                             100.00    0.00    0.00      0.00
TSSW Sprint - Sep 14 - Sep 28                                                                                                                                                                                                                                                                                                                                                                                                               0.00   80.77   19.23      0.00
TSSW Sprint - Sep 28 - Oct 12                                                                                                                                                                                                                                                                                                                                                                                                              55.56   44.44    0.00      0.00
Test Cases                                                                                                                                                                                                                                                                                                                                                                                                                                 50.00   50.00    0.00      0.00
That was something Alice alway                                                                                                                                                                                                                                                                                                                                                                                                              0.00    0.00  100.00      0.00
That was something Alice alway, No more fun sprint names                                                                                                                                                                                                                                                                                                                                                                                    0.00    0.00  100.00      0.00
Thomas da Tank Engine is a cat                                                                                                                                                                                                                                                                                                                                                                                                              0.00  100.00    0.00      0.00
To Be Triaged                                                                                                                                                                                                                                                                                                                                                                                                                               0.00    0.00  100.00      0.00
To Do                                                                                                                                                                                                                                                                                                                                                                                                                                       0.00    7.69   84.62      7.69
To be triaged                                                                                                                                                                                                                                                                                                                                                                                                                               0.00   66.67   33.33      0.00
Tracking Sprint                                                                                                                                                                                                                                                                                                                                                                                                                             0.00    0.00    0.00    100.00
Triaged                                                                                                                                                                                                                                                                                                                                                                                                                                     0.00    0.00  100.00      0.00
Triaged (Not Pointed)                                                                                                                                                                                                                                                                                                                                                                                                                       0.00    0.00    0.00    100.00
Unknown                                                                                                                                                                                                                                                                                                                                                                                                                                    31.60   32.44   19.23     16.72
Uranium-235                                                                                                                                                                                                                                                                                                                                                                                                                                 0.00    0.00    0.00    100.00
Uranium-235, Valinomycin                                                                                                                                                                                                                                                                                                                                                                                                                    0.00    0.00    0.00    100.00
Uranium-235, Valinomycin, Warfarin                                                                                                                                                                                                                                                                                                                                                                                                          0.00    0.00    0.00    100.00
Usain Bolt                                                                                                                                                                                                                                                                                                                                                                                                                                  0.00  100.00    0.00      0.00
Valinomycin                                                                                                                                                                                                                                                                                                                                                                                                                                 0.00    0.00    0.00    100.00
Valinomycin, Warfarin, Xylylene dichloride                                                                                                                                                                                                                                                                                                                                                                                                  0.00    0.00    0.00    100.00
Valinomycin, Warfarin, Xylylene dichloride, Yttrium                                                                                                                                                                                                                                                                                                                                                                                         0.00    0.00    0.00    100.00
VeryniceVelu                                                                                                                                                                                                                                                                                                                                                                                                                                0.00    0.00  100.00      0.00
WFH Bat                                                                                                                                                                                                                                                                                                                                                                                                                                     0.00    0.00    0.00    100.00
WFH Bat, WFH Pangolin, WFH Armadillo                                                                                                                                                                                                                                                                                                                                                                                                        0.00    0.00    0.00    100.00
WFH Bat, WFH Pangolin, WFH Armadillo, Nesting Sparrow, Quarantini                                                                                                                                                                                                                                                                                                                                                                           0.00    0.00    0.00    100.00
Wolverine cuts through wood                                                                                                                                                                                                                                                                                                                                                                                                                 0.00    0.00  100.00      0.00
Xena captures alien offspring                                                                                                                                                                                                                                                                                                                                                                                                               0.00    0.00  100.00      0.00
Yellowjacket wears blue socks                                                                                                                                                                                                                                                                                                                                                                                                               0.00    0.00  100.00      0.00
Yellowjacket wears blue socks, Zangief squash commits gently                                                                                                                                                                                                                                                                                                                                                                                0.00  100.00    0.00      0.00
Yellowjacket wears blue socks, Zangief squash commits gently, Mustard Gas                                                                                                                                                                                                                                                                                                                                                                   0.00  100.00    0.00      0.00
Yttrium                                                                                                                                                                                                                                                                                                                                                                                                                                     0.00    0.00  100.00      0.00
Yttrium, Zinc phosphide                                                                                                                                                                                                                                                                                                                                                                                                                     0.00    0.00  100.00      0.00
Zinc phosphide                                                                                                                                                                                                                                                                                                                                                                                                                              0.00    0.00  100.00      0.00
future                                                                                                                                                                                                                                                                                                                                                                                                                                      0.00    0.00  100.00      0.00
v2.0                                                                                                                                                                                                                                                                                                                                                                                                                                       16.67    0.00   33.33     50.00
v2.0 (optional)                                                                                                                                                                                                                                                                                                                                                                                                                            22.22   55.56   11.11     11.11

================================================================================
5. NUMERIC FEATURE CORRELATION
================================================================================
                          story_points  story_points_missing  timespent  task_age_days  status_change_count  priority_change_count  assignee_change_count  story_point_change_count  estimate_change_count  changes_last_7_days
story_points                     1.000                -0.536      0.013          0.036               -0.004                  0.027                 -0.005                     0.259                 -0.020               -0.030
story_points_missing            -0.536                 1.000     -0.053          0.014               -0.013                  0.000                  0.035                    -0.472                  0.002               -0.007
timespent                        0.013                -0.053      1.000          0.007                0.313                  0.040                  0.114                     0.178                  0.274                0.272
task_age_days                    0.036                 0.014      0.007          1.000                0.121                  0.115                  0.080                     0.041                  0.008               -0.074
status_change_count             -0.004                -0.013      0.313          0.121                1.000                  0.129                  0.326                     0.148                  0.412                0.655
priority_change_count            0.027                 0.000      0.040          0.115                0.129                  1.000                  0.216                     0.078                  0.036                0.190
assignee_change_count           -0.005                 0.035      0.114          0.080                0.326                  0.216                  1.000                     0.118                  0.154                0.389
story_point_change_count         0.259                -0.472      0.178          0.041                0.148                  0.078                  0.118                     1.000                  0.083                0.163
estimate_change_count           -0.020                 0.002      0.274          0.008                0.412                  0.036                  0.154                     0.083                  1.000                0.345
changes_last_7_days             -0.030                -0.007      0.272         -0.074                0.655                  0.190                  0.389                     0.163                  0.345                1.000

================================================================================
6. FEATURES CORRELATED WITH TASK AGE
================================================================================
status_change_count         0.121
priority_change_count       0.115
assignee_change_count       0.080
changes_last_7_days        -0.074
story_point_change_count    0.041
story_points                0.036
story_points_missing        0.014
estimate_change_count       0.008
timespent                   0.007

================================================================================
7. FEATURES CORRELATED WITH CHANGE ACTIVITY
================================================================================

status_change_count:
changes_last_7_days         0.655
estimate_change_count       0.412
assignee_change_count       0.326
timespent                   0.313
story_point_change_count    0.148
priority_change_count       0.129
task_age_days               0.121
story_points_missing       -0.013
story_points               -0.004

changes_last_7_days:
status_change_count         0.655
assignee_change_count       0.389
estimate_change_count       0.345
timespent                   0.272
priority_change_count       0.190
story_point_change_count    0.163
task_age_days              -0.074
story_points               -0.030
story_points_missing       -0.007

priority_change_count:
assignee_change_count       0.216
changes_last_7_days         0.190
status_change_count         0.129
task_age_days               0.115
story_point_change_count    0.078
timespent                   0.040
estimate_change_count       0.036
story_points                0.027
story_points_missing        0.000

assignee_change_count:
changes_last_7_days         0.389
status_change_count         0.326
priority_change_count       0.216
estimate_change_count       0.154
story_point_change_count    0.118
timespent                   0.114
task_age_days               0.080
story_points_missing        0.035
story_points               -0.005

story_point_change_count:
story_points_missing    -0.472
story_points             0.259
timespent                0.178
changes_last_7_days      0.163
status_change_count      0.148
assignee_change_count    0.118
estimate_change_count    0.083
priority_change_count    0.078
task_age_days            0.041

estimate_change_count:
status_change_count         0.412
changes_last_7_days         0.345
timespent                   0.274
assignee_change_count       0.154
story_point_change_count    0.083
priority_change_count       0.036
story_points               -0.020
task_age_days               0.008
story_points_missing        0.002

================================================================================
8. TASK AGE DISTRIBUTION BY RISK
================================================================================
                  count    mean     std  min    25%    50%     75%      max
task_risk_level                                                            
Low              7882.0    0.99    1.60  0.0   0.00   0.12    1.14     6.98
Medium           8986.0    7.05    7.36  0.0   0.22   5.23   11.85    30.00
High             5732.0   24.93   23.42  0.0   2.08  20.91   41.18    89.87
Critical         4635.0  146.83  175.43  0.0  12.68  96.94  198.34  1405.22

================================================================================
9. STATUS AND TASK AGE
================================================================================
             count   mean  median
status                           
In Progress   7440  40.73    8.47
Closed        4552  38.77    3.02
In Review     2452  27.75    8.55
To Do        12791  27.13    1.21

================================================================================
10. STATUS RISK SUMMARY
================================================================================
task_risk_level    Low  Medium   High  Critical  High_or_Critical
status                                                           
Closed           30.95   29.90  19.49     19.66             39.15
In Progress      26.12   34.87  22.76     16.26             39.02
To Do            30.00   32.28  20.26     17.47             37.72
In Review        28.26   36.79  22.88     12.07             34.95

================================================================================
11. PRIORITY RISK SUMMARY
================================================================================
task_risk_level     Low  Medium   High  Critical  High_or_Critical
priority                                                          
Low               20.02   25.84  25.18     28.96             54.14
Critical          20.74   30.41  24.79     24.06             48.85
High              23.31   29.13  23.31     24.25             47.56
6                 25.12   28.02  23.43     23.43             46.86
Highest           36.04   24.32  24.32     15.32             39.64
Unknown           30.86   29.75  15.35     24.04             39.39
Minor             15.99   46.60  28.59      8.82             37.41
Medium            33.77   30.67  21.82     13.74             35.56
Minor - P4        43.55   29.03  27.42      0.00             27.42
Major             16.49   56.70  21.13      5.67             26.80
Major - P3        41.27   41.12  17.37      0.24             17.61
Blocker           50.00   33.85  13.08      3.08             16.15
Critical - P2     37.93   48.28  13.79      0.00             13.79
Lowest            81.08   10.81   8.11      0.00              8.11
Blocker - P1      45.45   54.55   0.00      0.00              0.00
Trivial           62.50   37.50   0.00      0.00              0.00
Trivial - P5     100.00    0.00   0.00      0.00              0.00
Undefined          0.00  100.00   0.00      0.00              0.00

================================================================================
12. EARLY SNAPSHOT ANALYSIS
================================================================================

Early snapshot rows: 6066

Risk distribution:
task_risk_level
Low         40.7
Medium      31.7
High        16.8
Critical    10.8
Name: proportion, dtype: float64

================================================================================
13. HIGH / CRITICAL TASK PROFILE
================================================================================

Rows: 10367

Numeric averages:
timespent                   1994.15
task_age_days                 79.43
status_change_count            1.71
story_points                   1.37
changes_last_7_days            1.18
story_points_missing           0.78
assignee_change_count          0.53
priority_change_count          0.17
story_point_change_count       0.13
estimate_change_count          0.03

Status distribution:
status
To Do          4825
In Progress    2903
Closed         1782
In Review       857

================================================================================
14. LOW / MEDIUM TASK PROFILE
================================================================================

Rows: 16868

Numeric averages:
timespent                   828.94
task_age_days                 4.22
changes_last_7_days           1.86
status_change_count           1.37
story_points_missing          0.78
story_points                  0.67
assignee_change_count         0.40
priority_change_count         0.10
story_point_change_count      0.09
estimate_change_count         0.02

================================================================================
15. KEY DATASET STATISTICS
================================================================================

Task age by risk:
                    mean  median
task_risk_level                
Low                0.99    0.12
Medium             7.05    5.23
High              24.93   20.91
Critical         146.83   96.94

Status by risk:
 task_risk_level    Low  Medium   High  Critical  High_or_Critical
status                                                           
Closed           30.95   29.90  19.49     19.66             39.15
In Progress      26.12   34.87  22.76     16.26             39.02
In Review        28.26   36.79  22.88     12.07             34.95
To Do            30.00   32.28  20.26     17.47             37.72

Priority by risk:
 task_risk_level     Low  Medium   High  Critical  High_or_Critical
priority                                                          
6                 25.12   28.02  23.43     23.43             46.86
Blocker           50.00   33.85  13.08      3.08             16.15
Blocker - P1      45.45   54.55   0.00      0.00              0.00
Critical          20.74   30.41  24.79     24.06             48.85
Critical - P2     37.93   48.28  13.79      0.00             13.79
High              23.31   29.13  23.31     24.25             47.56
Highest           36.04   24.32  24.32     15.32             39.64
Low               20.02   25.84  25.18     28.96             54.14
Lowest            81.08   10.81   8.11      0.00              8.11
Major             16.49   56.70  21.13      5.67             26.80
Major - P3        41.27   41.12  17.37      0.24             17.61
Medium            33.77   30.67  21.82     13.74             35.56
Minor             15.99   46.60  28.59      8.82             37.41
Minor - P4        43.55   29.03  27.42      0.00             27.42
Trivial           62.50   37.50   0.00      0.00              0.00
Trivial - P5     100.00    0.00   0.00      0.00              0.00
Undefined          0.00  100.00   0.00      0.00              0.00
Unknown           30.86   29.75  15.35     24.04             39.39

Analysis complete.
